document_id,entity_class_raw,title,source_url,in_corpus_now
md_10191,Foreign Exchange Management,"Master Direction – Borrowing and Lending transactions in Indian Rupee between Persons Resident in India and Non-Resident Indians/ Persons of Indian Origin ( Updated as on February 16, 2026 )",https://rbidocs.rbi.org.in/rdocs/notification/PDFs/02MD787706E669D641C090B415DBE22DEE29.PDF,yes
md_10192,Foreign Exchange Management,"Master Direction - Liberalised Remittance Scheme (LRS) ( Updated as on September 06, 2024 )",https://rbidocs.rbi.org.in/rdocs/notification/PDFs/03MD945692290C104C5595AEDAC89AE78788.PDF,yes
md_10193,Foreign Exchange Management,"Master Direction - Other Remittance Facilities ( Updated as on May 06, 2026 )",https://rbidocs.rbi.org.in/rdocs/notification/PDFs/04MD5127742FD0914D54B5EC4ECA8076F325.PDF,yes
md_10196,Foreign Exchange Management,"Master Direction – Acquisition or Transfer of Immovable Property under Foreign Exchange Management Act, 1999 (Updated as on September 01, 2022)",https://rbidocs.rbi.org.in/rdocs/notification/PDFs/07MIP0101168C51C4CB845342D09E8A4A613B1F1C6D.PDF,yes
md_10197,Foreign Exchange Management,"Master Direction - Remittance of Assets ( Updated as on June 29, 2026 )",https://rbidocs.rbi.org.in/rdocs/notification/PDFs/08MDROA112016989330DF1FF9494784DAC32B488E6AE4.PDF,yes
md_10198,Foreign Exchange Management,"Master Direction - Deposits and Accounts ( Updated as on June 29, 2026 )",https://rbidocs.rbi.org.in/rdocs/notification/PDFs/09MDD593B2F2D48648C8AB3D37625C9F245D.PDF,yes
md_10201,Foreign Exchange Management,"Master Direction – Import of Goods and Services ( Updated as on January 12, 2026 )",https://rbidocs.rbi.org.in/rdocs/notification/PDFs/12MDFB8AD1B34BCB4D0A8F6869DA4A53082E.PDF,yes
md_10202,Foreign Exchange Management,"Master Direction – Reporting under Foreign Exchange Management Act, 1999 ( Updated as on June 24, 2026 )",https://rbidocs.rbi.org.in/rdocs/notification/PDFs/13MDRD77DCF42C4E64B6C9A83C24EF5D4E188.PDF,yes
md_10203,Foreign Exchange Management,"Master Direction - Miscellaneous ( Updated as on May 13, 2026 )",https://rbidocs.rbi.org.in/rdocs/notification/PDFs/14MDM1120153F2FD5CC455640E78D139304BC7C080F.PDF,yes
md_10205,Foreign Exchange Management,"Master Direction – Opening and Maintenance of Rupee/Foreign Currency Vostro Accounts of Non-resident Exchange Houses (Updated as on December 22, 2022)",https://rbidocs.rbi.org.in/rdocs/notification/PDFs/16MCDF82CC17C279247FCB66E2A39BDAD38F6.PDF,yes
md_10395,Foreign Exchange Management,"Master Direction – Export of Goods and Services ( Updated as on July 17, 2026 )",https://rbidocs.rbi.org.in/rdocs/notification/PDFs/11MDEGS1205163428383952204B77831A3A086E82FDDF.PDF,yes
md_10404,Foreign Exchange Management,"Master Direction - Establishment of Branch Office (BO)/ Liaison Office (LO)/ Project Office (PO) or any other place of business in India by foreign entities (Updated as on May 18, 2021)",https://rbidocs.rbi.org.in/rdocs/notification/PDFs/06MDE170516F633150EBCFE438084174F7DECCDC20C.PDF,yes
md_10476,Banker and Debt Manager to Government,"Master Direction – Operational Guidelines for Primary Dealers  (Updated as on November 22, 2018)",https://rbidocs.rbi.org.in/rdocs/notification/PDFs/29MD8B47C911ECA14450AACBAEF6D7981EF8.PDF,no
md_10485,Financial Market,"Master Direction - Risk Management and Inter-Bank Dealings ( Updated as on September 22, 2025 )",https://rbidocs.rbi.org.in/rdocs/notification/PDFs/MD3191FD1C01B7704FB9B24E7073F651AB51.PDF,yes
md_10637,Foreign Exchange Management,"Master Direction – Direct Investment by Residents in Joint Venture (JV) / Wholly Owned Subsidiary (WOS) Abroad (Updated as on June 24, 2021)",https://rbidocs.rbi.org.in/rdocs/notification/PDFs/10MD06102016E550559916C346E0BC93720658286729.PDF,yes
md_10738,Foreign Exchange Management,"Master Direction - Insurance (Updated as on December 07, 2021)",https://rbidocs.rbi.org.in/rdocs/notification/PDFs/05MD56DF4232873F466191DC23F39F1012DD.PDF,yes
md_10833,Payment and Settlement System,"Master Directions on Access Criteria for Payment Systems (Updated as on July 28, 2021)",https://rbidocs.rbi.org.in/rdocs/notification/PDFs/MD51170116C65788DE8A564165B74D5FECE0626A73.PDF,yes
md_10868,Foreign Exchange Management,"Master Direction – Money Transfer Service Scheme (MTSS) ( Updated as on November 28, 2025 )",https://rbidocs.rbi.org.in/rdocs/notification/PDFs/MD01220220176458378BB80A417592B7CE4DB57B123A.PDF,yes
md_11037,Financial Inclusion and Development,Master Direction – Reserve Bank of India (Relief Measures by banks in areas affected by Natural Calamities) Directions 2017,https://rbidocs.rbi.org.in/rdocs/notification/PDFs/55MD0A0C769D62074BCEAEC6F40FD8356870.PDF,yes
md_11060,Financial Inclusion and Development,"Master Direction - Lending to Micro, Small & Medium Enterprises (MSME) Sector ( Updated as on February 09, 2026 )",https://rbidocs.rbi.org.in/rdocs/notification/PDFs/56MD24072017E50D0ED63F9B4414AA756FF0FC72FB66.PDF,yes
md_11200,Foreign Exchange Management,"Master Direction – Foreign Investment in India ( Updated up to June 15, 2026 )",https://rbidocs.rbi.org.in/rdocs/notification/PDFs/MD11_04012018B4D0DB4E6DA04CC4B7AF62AA03D902BE.PDF,yes
md_11322,Banker and Debt Manager to Government,Master Directions on Relief/Savings Bonds,https://rbidocs.rbi.org.in/rdocs/notification/PDFs/61MD0825F724310142CBB351B33F9C3F80FA.PDF,no
md_11500,Financial Market,"Reserve Bank of India (Prevention of Market Abuse) Directions, 2019",https://rbidocs.rbi.org.in/rdocs/notification/PDFs/NT141DCB01288F6D24552A898041355981711.PDF,yes
md_11510,Foreign Exchange Management,,https://rbidocs.rbi.org.in/rdocs/notification/PDFs/5MD2603201979CA1390E9E546869B2A9A92614DEDBF.PDF,yes
md_11518,Foreign Exchange Management,"Master Direction - Money Changing Activities ( Updated as on June 24, 2026 )",https://rbidocs.rbi.org.in/rdocs/notification/PDFs/MD03_29031928C70FB929814CFCA72C7D3ED5A0EDE4.PDF,yes
md_11959,Financial Inclusion and Development,,https://rbidocs.rbi.org.in/rdocs/notification/PDFs/MDPSL803EE903174E4C85AFA14C335A5B0909.PDF,yes
md_12061,Financial Market,"Master Direction - Reserve Bank of India (Call, Notice and Term Money Markets) Directions, 2021 (Updated as on June 08, 2023)",https://rbidocs.rbi.org.in/rdocs/notification/PDFs/78CALL95561D4E6ED4441EAE8AB0763E9B5DAE.PDF,yes
md_12108,Financial Market,"Master Direction – Reserve Bank of India (Certificate of Deposit) Directions, 2021",https://rbidocs.rbi.org.in/rdocs/notification/PDFs/NT5080C62E3929DE4D70AABB8136B7B5F647.PDF,yes
md_12156,Payment and Settlement System,"Master Directions on Prepaid Payment Instruments (PPIs) ( Updated as on December 27, 2024 )",https://rbidocs.rbi.org.in/rdocs/notification/PDFs/82MDPPIS2708202181CF0A6FCD1B47B88CAE8E92A228B160.PDF,yes
md_12163,Financial Market,"Master Direction – Reserve Bank of India (Market-makers in OTC Derivatives) Directions, 2021 ( Updated as on February 21, 2025 )",https://rbidocs.rbi.org.in/rdocs/notification/PDFs/84MD8DAD7C4F379B4875AC9C2D398646B42D.PDF,yes
md_12427,Financial Market,"Master Direction – Foreign Exchange Management (Hedging of Commodity Price Risk  and Freight Risk in Overseas Markets) Directions, 2022 (Updated as on April 15, 2024)",https://rbidocs.rbi.org.in/rdocs/notification/PDFs/94MDHEDGIN0DE447B3472143D6B3237D5F605E2ADB.PDF,yes
md_12580,Financial Market,"Reserve Bank of India (Government Securities Lending) Directions, 2023",https://rbidocs.rbi.org.in/rdocs/notification/PDFs/GSLDIRECTIONS0AF9CACC130344C0A261EAD47F277AF0.PDF,yes
md_12581,Financial Market,"Reserve Bank of India (Financial Benchmark Administrators) Directions, 2023",https://rbidocs.rbi.org.in/rdocs/notification/PDFs/NOTI98FBA281220235418D645715946F7A2C8905B39411F40.PDF,yes
md_12586,Consumer Education and Protection,"Master Direction - Reserve Bank of India (Internal Ombudsman for Regulated Entities) Directions, 2023",https://rbidocs.rbi.org.in/rdocs/notification/PDFs/108MDINTERNALOMBUDSMANCC05402F77BE4F229B59877F341386A4.PDF,no
md_12592,Financial Market,"Master Direction – Reserve Bank of India (Commercial Paper and Non-Convertible Debentures of original or initial maturity upto one year) Directions, 2024",https://rbidocs.rbi.org.in/rdocs/notification/PDFs/109MDCPNCD797F42D139D741169EB58E637B243FF6.PDF,yes
md_12616,Payment and Settlement System,"Master Direction – Reserve Bank of India (Bharat Bill Payment System) Directions, 2024",https://rbidocs.rbi.org.in/rdocs/notification/PDFs/111MDONBBPS87BA4103916D4B21AE117F1443020ADB.PDF,yes
md_12682,Financial Market,"Master Direction – Reserve Bank of India (Margining for Non-Centrally Cleared OTC Derivatives) Directions, 2024 ( Updated as on February 21, 2025 )",https://rbidocs.rbi.org.in/rdocs/notification/PDFs/117MDRBIOTCDERIVATIVES20245DEA695183554A20B155CE65F58944DD.PDF,yes
md_12710,Foreign Exchange Management,"Master Direction - Overseas Investment ( Updated as on April 01, 2026 )",https://rbidocs.rbi.org.in/rdocs/notification/PDFs/121MDOI2507202427D16C96B42C4E0B849FFD9732752B68.PDF,yes
md_12715,Payment and Settlement System,Master Directions on Cyber Resilience and Digital Payment Security Controls for non-bank Payment System Operators,https://rbidocs.rbi.org.in/rdocs/notification/PDFs/MD123C0C6F7FF70E34F3DA5623B9E72AB3181.PDF,yes
md_12765,Financial Market,"Master Direction - Reserve Bank of India (Non-resident Investment in Debt Instruments) Directions, 2025 ( Updated as on June 05, 2026 )",https://rbidocs.rbi.org.in/rdocs/notification/PDFs/MD126B9CF2E0CABD14471955E50A54D8291F2.PDF,yes
md_12784,Financial Market,"Reserve Bank of India (Forward Contracts in Government Securities) Directions, 2025",https://rbidocs.rbi.org.in/rdocs/notification/PDFs/NT117115BA3350C4D4AEABEF8DE4C2BCDE7BB.PDF,yes
md_12799,Financial Inclusion and Development,"Master Directions - Reserve Bank of India (Priority Sector Lending – Targets and Classification) Directions, 2025 ( Updated as on August 07, 2026 )",https://rbidocs.rbi.org.in/rdocs/notification/PDFs/128MD66C4DDCB167C4DC9A5BD913570CB3D47.PDF,yes
md_12839,Foreign Exchange Management,,https://rbidocs.rbi.org.in/rdocs/notification/PDFs/135MD89B55F672F36443FA02C0C53DC207FFF.PDF,yes
md_12870,Financial Market,"Master Direction – Reserve Bank of India (Electronic Trading Platforms) Directions, 2025",https://rbidocs.rbi.org.in/rdocs/notification/PDFs/137MDEF04E0A142F948C58A9503C136E565AF.PDF,yes
md_12896,Payment and Settlement System,Master Direction on Regulation of Payment Aggregator (PA),https://rbidocs.rbi.org.in/rdocs/notification/PDFs/141MD7D7F25DEBF1F48449E20D685E4B014E5.PDF,yes
md_12898,Payment and Settlement System,"Reserve Bank of India (Authentication mechanisms for  digital payment transactions) Directions, 2025",https://rbidocs.rbi.org.in/rdocs/notification/PDFs/NT79258FF36ECA8F4886B3B01F55D166C2B2.PDF,yes
md_12920,Financial Market,"Master Direction – Reserve Bank of India (Repurchase Transactions (Repo)) Directions, 2025",https://rbidocs.rbi.org.in/rdocs/notification/PDFs/142MD1111202598527CBD7B6D4BFC9792D568AD07F27D.PDF,yes
md_12925,Credit Information Companies,"Reserve Bank of India (Credit Information Companies – Managing Risks in Outsourcing) Directions, 2025",https://rbidocs.rbi.org.in/rdocs/notification/PDFs/379MD4FB63C400E634A6EA5E9F800150E0643.PDF,yes
md_12926,Credit Information Companies,"Reserve Bank of India (Credit Information Companies) Directions, 2025 (Updated as on July 01, 2026)",https://rbidocs.rbi.org.in/rdocs/notification/PDFs/378MD65D46FCCF0C34491B34505C6E1DACFFE.PDF,yes
md_12927,Asset Reconstruction Companies,"Reserve Bank of India (Asset Reconstruction Companies – Know Your Customer) Directions, 2025 (Updated as on December 29, 2025)",https://rbidocs.rbi.org.in/rdocs/notification/PDFs/377MDC2C0B12BF5FA4716B1186CBAFBAEE6DC.PDF,yes
md_12928,Asset Reconstruction Companies,"Reserve Bank of India (Asset Reconstruction Companies – Treatment of Wilful Defaulters and Large Defaulters) Directions, 2025",https://rbidocs.rbi.org.in/rdocs/notification/PDFs/376MD90C9663D1BA3430989254B93FFC0C975.PDF,yes
md_12929,Asset Reconstruction Companies,"Reserve Bank of India (Asset Reconstruction Companies  – Credit Information Reporting) Directions, 2025 (Updated as on July 01, 2026)",https://rbidocs.rbi.org.in/rdocs/notification/PDFs/375MD4501F9CAB74942A5862702FA20D4F275.PDF,yes
md_12930,Asset Reconstruction Companies,"Reserve Bank of India (Asset Reconstruction Companies) Directions, 2025 (Updated as on March 10, 2026)",https://rbidocs.rbi.org.in/rdocs/notification/PDFs/374MD5EB12B213C134165BBC19F6F9B01434A.PDF,yes
md_12931,Non-Banking Financial Companies,"Reserve Bank of India (Non-Banking Financial Companies – Miscellaneous) Directions, 2025 (Updated as on February 26, 2026)",https://rbidocs.rbi.org.in/rdocs/notification/PDFs/373MD7F3656C99F764E2F9CE1BC4A1337861F.PDF,yes
md_12932,Non-Banking Financial Companies,"Reserve Bank of India (Non-Operative Financial Holding Companies) Directions, 2025 (Updated as on December 05, 2025)",https://rbidocs.rbi.org.in/rdocs/notification/PDFs/372MD72894C1BCD6646C582BDF57824ED849B.PDF,yes
md_12933,Non-Banking Financial Companies,"Reserve Bank of India (Non-Banking Financial Companies – Microfinance Institution) Directions, 2025",https://rbidocs.rbi.org.in/rdocs/notification/PDFs/371MD93444E1CFB2749C6A9F8F0182794522B.PDF,yes
md_12934,Non-Banking Financial Companies,"Reserve Bank of India (Non-Banking Financial Companies – Peer to Peer Lending Platform) Directions, 2025",https://rbidocs.rbi.org.in/rdocs/notification/PDFs/370MD60843CF99DE6468CA026BF367311796E.PDF,yes
md_12935,Non-Banking Financial Companies,"Reserve Bank of India (Mortgage Guarantee Companies) Directions, 2025 (Updated as on March 10, 2026)",https://rbidocs.rbi.org.in/rdocs/notification/PDFs/369MD595FB8D5A60A4858AEADC3DA61569214.PDF,yes
md_12936,Non-Banking Financial Companies,"Reserve Bank of India (Non-Banking Financial Companies - Account Aggregator) Directions, 2025",https://rbidocs.rbi.org.in/rdocs/notification/PDFs/368MDA3A72C813679452CB0A291E6B300DB59.PDF,yes
md_12937,Non-Banking Financial Companies,"Reserve Bank of India (Core Investment Companies) Directions, 2025 (Updated as on March 10, 2026)",https://rbidocs.rbi.org.in/rdocs/notification/PDFs/367MD6F29605A9F984829B1DDFA72799197BB.PDF,yes
md_12938,Non-Banking Financial Companies,"Reserve Bank of India (Standalone Primary Dealers) Directions, 2025 (Updated as on March 10, 2026)",https://rbidocs.rbi.org.in/rdocs/notification/PDFs/366MDF8A3AEF00BF24FFC8FA8F1B096F8E054.PDF,yes
md_12939,Non-Banking Financial Companies,"Reserve Bank of India (Housing Finance Companies) Directions, 2025 (Updated as on April 15, 2026)",https://rbidocs.rbi.org.in/rdocs/notification/PDFs/365MD8214102C853241B98E06B2123AB42657.PDF,yes
md_12940,Non-Banking Financial Companies,"Reserve Bank of India (Non-Banking Financial Companies – Climate Finance and Management of Climate Change Risks) Directions, 2025",https://rbidocs.rbi.org.in/rdocs/notification/PDFs/364MD89C593EA3A124B1491E797D1A752110F.PDF,yes
md_12941,Non-Banking Financial Companies,"Reserve Bank of India (Non-Banking Financial Companies – Managing Risks in Outsourcing) Directions, 2025",https://rbidocs.rbi.org.in/rdocs/notification/PDFs/363MD40F22B0CDF734E3C884A9CBCE5DF9194.PDF,yes
md_12942,Non-Banking Financial Companies,"Reserve Bank of India (Non-Banking Financial Companies – Responsible Business Conduct) Directions, 2025 (Updated as on July 1, 2026)",https://rbidocs.rbi.org.in/rdocs/notification/PDFs/362MD26CA543937BA439A97E1BCFC08CF5808.PDF,yes
md_12943,Non-Banking Financial Companies,"Reserve Bank of India (Non-Banking Financial Companies – Know Your Customer) Directions, 2025 (Updated as on December 29, 2025)",https://rbidocs.rbi.org.in/rdocs/notification/PDFs/361MD1E2F8EA063454AD5AFA1D02A1BA5ACA7.PDF,yes
md_12944,Non-Banking Financial Companies,"Reserve Bank of India (Non-Banking Financial Companies – Prudential Norms on Declaration of Dividends) Directions, 2025 (Updated as on July 01, 2026)",https://rbidocs.rbi.org.in/rdocs/notification/PDFs/360MD1E07039E1DCA455B8CCB9D0C4BFD4BBE.PDF,yes
md_12945,Non-Banking Financial Companies,"Reserve Bank of India (Non-Banking Financial Companies – Financial Statements: Presentation and Disclosures) Directions, 2025 (Updated as on July 01, 2026)",https://rbidocs.rbi.org.in/rdocs/notification/PDFs/359MD22B81FAE1AB9481BA79541602ADD032D.PDF,yes
md_12946,Non-Banking Financial Companies,"Reserve Bank of India (Non-Banking Financial Companies – Treatment of Wilful Defaulters and Large Defaulters) Directions, 2025 (Updated as on July 01, 2026)",https://rbidocs.rbi.org.in/rdocs/notification/PDFs/358MDB0FF0CDD07C04BFAB5A97494E9BB7104.PDF,yes
md_12947,Non-Banking Financial Companies,"Reserve Bank of India (Non-Banking Financial Companies – Resolution of Stressed Assets) Directions, 2025 (updated as on July 1, 2026)",https://rbidocs.rbi.org.in/rdocs/notification/PDFs/357MD501BDDC9758E40B592D1AD2D919CC6AF.PDF,yes
md_12948,Non-Banking Financial Companies,"Reserve Bank of India (Non-Banking Financial Companies – Income Recognition, Asset Classification and Provisioning) Directions, 2025 (updated as on July 01, 2026)",https://rbidocs.rbi.org.in/rdocs/notification/PDFs/356MD4F8109CA54BE44A9805C5300601F8A11.PDF,yes
md_12949,Non-Banking Financial Companies,"Reserve Bank of India (Non-Banking Financial Companies – Asset Liability Management) Directions, 2025 (Updated as on July 01, 2026)",https://rbidocs.rbi.org.in/rdocs/notification/PDFs/355MDDFD8E87964DD4F529248131781B5812F.PDF,yes
md_12950,Non-Banking Financial Companies,"Reserve Bank of India (Non-Banking Financial Companies – Classification, Valuation and Operation of Investment Portfolio) Directions, 2025 (Updated as on July 01, 2026)",https://rbidocs.rbi.org.in/rdocs/notification/PDFs/354MD1F909E42C44E481085D47ECF16A9EE26.PDF,yes
md_12951,Non-Banking Financial Companies,"Reserve Bank of India (Non-Banking Financial Companies – Securitisation Transactions) Directions, 2025 (Updated as on July 01, 2026)",https://rbidocs.rbi.org.in/rdocs/notification/PDFs/353MD9A35481FC07E4D1199A62E5C2356B0C4.PDF,yes
md_12952,Non-Banking Financial Companies,"Reserve Bank of India (Non-Banking Financial Companies - Transfer and Distribution of Credit Risk) Directions, 2025 (Updated as on July 01, 2026)",https://rbidocs.rbi.org.in/rdocs/notification/PDFs/352MDCF4E55B0ACD24FCC8AED1C715997F0F9.PDF,yes
md_12953,Non-Banking Financial Companies,"Reserve Bank of India (Non-Banking Financial Companies - Concentration Risk Management) Directions, 2025 (Updated as on July 01, 2026)",https://rbidocs.rbi.org.in/rdocs/notification/PDFs/351MD74108723E6DA484E954DB9D2C7ED184C.PDF,yes
md_12954,Non-Banking Financial Companies,"Reserve Bank of India (Non-Banking Financial Companies – Credit Risk Management) Directions, 2025 (Updated as on July 01, 2026)",https://rbidocs.rbi.org.in/rdocs/notification/PDFs/350MDEF81E70DAB50429898EB2CF07BBCA09E.PDF,yes
md_12955,Non-Banking Financial Companies,"Reserve Bank of India (Non-Banking Financial Companies – Credit Information Reporting) Directions, 2025 (Updated as on July 01, 2026)",https://rbidocs.rbi.org.in/rdocs/notification/PDFs/349MD04B1F5EC16D84779BC61D9CC40552401.PDF,yes
md_12956,Non-Banking Financial Companies,"Reserve Bank of India (Non-Banking Financial Companies – Credit Cards: Issuance and Conduct) Directions, 2025",https://rbidocs.rbi.org.in/rdocs/notification/PDFs/348MD993245D8570047299D1814811F20AFEE.PDF,yes
md_12957,Non-Banking Financial Companies,"Reserve Bank of India (Non-Banking Financial Companies – Credit Facilities) Directions, 2025 (updated as on July 15, 2026)",https://rbidocs.rbi.org.in/rdocs/notification/PDFs/347MD5CC21D3597C04354B67A42A1A4CB439C.PDF,yes
md_12958,Non-Banking Financial Companies,"Reserve Bank of India (Non-Banking Financial Companies – Acceptance of Public Deposits) Directions, 2025 (Updated as on April 15, 2026)",https://rbidocs.rbi.org.in/rdocs/notification/PDFs/346MD6C1FC3FFE3E84415B12A1C05642FD3E3.PDF,yes
md_12959,Non-Banking Financial Companies,"Reserve Bank of India (Non-Banking Financial Companies – Prudential Norms on Capital Adequacy) Directions, 2025 (Updated as on July 01, 2026)",https://rbidocs.rbi.org.in/rdocs/notification/PDFs/345MDAB71EF5B2D534D7B92C654742BDF9A77.PDF,yes
md_12960,Non-Banking Financial Companies,"Reserve Bank of India (Non-Banking Financial Companies – Governance) Directions, 2025 (Updated as on June 24, 2026)",https://rbidocs.rbi.org.in/rdocs/notification/PDFs/344MD22F0E87F6DD848919A6459236939D76F.PDF,yes
md_12961,Non-Banking Financial Companies,"Reserve Bank of India (Non-Banking Financial Companies – Undertaking of Financial Services) Directions, 2025 (Updated as on July 01, 2026)",https://rbidocs.rbi.org.in/rdocs/notification/PDFs/343MD54448C9FA65A429BB5AFADBB162904F1.PDF,yes
md_12962,Non-Banking Financial Companies,"Reserve Bank of India (Non-Banking Financial Companies – Branch Authorisation) Directions, 2025 (Updated as on April 15, 2026)",https://rbidocs.rbi.org.in/rdocs/notification/PDFs/342MD6D0E541E684A451BB4BB80C4819B2BB1.PDF,yes
md_12963,Non-Banking Financial Companies,"Reserve Bank of India (Non-Banking Financial Companies – Voluntary Amalgamation) Directions, 2025",https://rbidocs.rbi.org.in/rdocs/notification/PDFs/341MDDF7F3A9C8BF2439D828E773D444D7FD3.PDF,yes
md_12964,Non-Banking Financial Companies,"Reserve Bank of India (Non-Banking Financial Companies – Acquisition of Shareholding or Control) Directions, 2025",https://rbidocs.rbi.org.in/rdocs/notification/PDFs/340MD4B77ED4B942E4F9FBECA5673D0360BA3.PDF,yes
md_12965,Non-Banking Financial Companies,"Reserve Bank of India (Non-Banking Financial Companies – Registration, Exemptions and Framework for Scale Based Regulation) Directions, 2025 (Updated as on July 01, 2026)",https://rbidocs.rbi.org.in/rdocs/notification/PDFs/339MD7166A79E96D64572B378949D3972DBD1.PDF,yes
md_12966,All India Financial Institutions,"Reserve Bank of India (All India Financial Institutions – Miscellaneous) Directions, 2025",https://rbidocs.rbi.org.in/rdocs/notification/PDFs/338MD82DA791B78C840DA9CE556AD2F6A099E.PDF,yes
md_12967,All India Financial Institutions,"Reserve Bank of India (All India Financial Institutions – Managing Risks in Outsourcing) Directions, 2025",https://rbidocs.rbi.org.in/rdocs/notification/PDFs/337MD82046EB95DF047E7B6D4977E1D1B344E.PDF,yes
md_12968,All India Financial Institutions,"Reserve Bank of India (All India Financial Institutions – Responsible Business Conduct) Directions, 2025 (Updated as on July 1, 2026)",https://rbidocs.rbi.org.in/rdocs/notification/PDFs/336MDE82A669C159C41D09B212DDF2908364A.PDF,yes
md_12969,All India Financial Institutions,"Reserve Bank of India (All India Financial Institutions – Know Your Customer) Directions, 2025 (Updated as on December 29, 2025)",https://rbidocs.rbi.org.in/rdocs/notification/PDFs/335MDB36143CAC69041858F40094B961AD8D1.PDF,yes
md_12970,All India Financial Institutions,"Reserve Bank of India (All India Financial Institutions – Financial Statements: Presentation and Disclosures) Directions, 2025 (Updated as on April 1, 2026)",https://rbidocs.rbi.org.in/rdocs/notification/PDFs/334MDBA729BB698594DF88D0C0F8AD14D6051.PDF,yes
md_12971,All India Financial Institutions,"Reserve Bank of India (All India Financial Institutions – Treatment of Wilful Defaulters and Large Defaulters) Directions, 2025",https://rbidocs.rbi.org.in/rdocs/notification/PDFs/333MD5058C30FAE2B4BF7A6FA46FBF5BA1860.PDF,yes
md_12972,All India Financial Institutions,"Reserve Bank of India (All India Financial Institutions – Resolution of Stressed Assets) Directions, 2025 (Updated as on July 1, 2026)",https://rbidocs.rbi.org.in/rdocs/notification/PDFs/332MD172466A0BC46438DB5E53C03F90E5D97.PDF,yes
md_12973,All India Financial Institutions,"Reserve Bank of India (All India Financial Institutions – Income Recognition, Asset Classification and Provisioning) Directions, 2025 (Updated as on July 01, 2026)",https://rbidocs.rbi.org.in/rdocs/notification/PDFs/331MD8F94924174D045A9A61DB7472C935BBB.PDF,yes
md_12974,All India Financial Institutions,"Reserve Bank of India (All India Financial Institutions – Asset Liability Management) Directions, 2025",https://rbidocs.rbi.org.in/rdocs/notification/PDFs/330MD8EE03EACE9C840B78782487A56262606.PDF,yes
md_12975,All India Financial Institutions,"Reserve Bank of India (All India Financial Institutions – Classification, Valuation and Operation of Investment Portfolio) Directions, 2025",https://rbidocs.rbi.org.in/rdocs/notification/PDFs/329MDB471ED6596B74577A0D9BC3296ECC859.PDF,yes
md_12976,All India Financial Institutions,"Reserve Bank of India (All India Financial Institutions – Securitisation Transactions) Directions, 2025",https://rbidocs.rbi.org.in/rdocs/notification/PDFs/328MDCA89E7AD35574A5E8A94F83F329293A2.PDF,yes
md_12977,All India Financial Institutions,"Reserve Bank of India (All India Financial Institutions – Transfer and Distribution of Credit Risk) Directions, 2025",https://rbidocs.rbi.org.in/rdocs/notification/PDFs/327MD7EA8E880A8D64D06B8AE74D8EDF60F17.PDF,yes
md_12978,All India Financial Institutions,"Reserve Bank of India (All India Financial Institutions – Concentration Risk Management) Directions, 2025",https://rbidocs.rbi.org.in/rdocs/notification/PDFs/326MD7CB162D66FB043AFA384B6ED63EFA5D7.PDF,yes
md_12979,All India Financial Institutions,"Reserve Bank of India (All India Financial Institutions – Credit Risk Management) Directions, 2025 (Updated as on July 01, 2026)",https://rbidocs.rbi.org.in/rdocs/notification/PDFs/325MD9D1E9340756A42F183443F73A0B46998.PDF,yes
md_12980,All India Financial Institutions,"Reserve Bank of India (All India Financial Institutions – Credit Information Reporting) Directions, 2025 (Updated as on July 01, 2026)",https://rbidocs.rbi.org.in/rdocs/notification/PDFs/324MD7A26BF797952433E8A8D59AA98A79999.PDF,yes
md_12981,All India Financial Institutions,"Reserve Bank of India (All India Financial Institutions – Credit Facilities) Directions, 2025 (Updated as on July 15, 2026)",https://rbidocs.rbi.org.in/rdocs/notification/PDFs/323MDC03F7527B77E43B586042F9F3104C2B7.PDF,yes
md_12982,All India Financial Institutions,"Reserve Bank of India (All India Financial Institutions– Resource Raising Norms) Directions, 2025",https://rbidocs.rbi.org.in/rdocs/notification/PDFs/322MD52B038D169F34D5C9851D5F02E1C7044.PDF,yes
md_12983,All India Financial Institutions,"Reserve Bank of India (All India Financial Institutions - Prudential Norms on Capital Adequacy) Directions, 2025 (Updated as on June 16, 2026)",https://rbidocs.rbi.org.in/rdocs/notification/PDFs/321MDD26060BC94C943C8B5907F5E328E0F1B.PDF,yes
md_12984,All India Financial Institutions,"Reserve Bank of India (All India Financial Institutions – Undertaking of Financial Services) Directions, 2025 (Updated as on April 27, 2026)",https://rbidocs.rbi.org.in/rdocs/notification/PDFs/320MDC5714911D38A471980DD2D5D9DB3AECD.PDF,yes
md_12986,Rural Co-operative Banks,"Reserve Bank of India (Rural Co-operative Banks – Managing Risks in Outsourcing) Directions, 2025",https://rbidocs.rbi.org.in/rdocs/notification/PDFs/318MDE0794991DA36479EAF4267E99E78C5D4.PDF,yes
md_12987,Rural Co-operative Banks,"Reserve Bank of India (Rural Co-operative Banks – Responsible Business Conduct) Directions, 2025 (Updated as on July 1, 2026)",https://rbidocs.rbi.org.in/rdocs/notification/PDFs/317MD887462600A924B8CB0DD389AC78041C5.PDF,yes
md_12988,Rural Co-operative Banks,"Reserve Bank of India (Rural Co-operative Banks – Know Your Customer) Directions, 2025 (Updated as on December 29, 2025)",https://rbidocs.rbi.org.in/rdocs/notification/PDFs/316MDC827AC45BD1248DFB272637379D4128C.PDF,yes
md_12989,Rural Co-operative Banks,"Reserve Bank of India (Rural Co-operative Banks – Prudential Norms on Declaration of Dividends) Directions, 2025",https://rbidocs.rbi.org.in/rdocs/notification/PDFs/315MDD4D6D28D4BD84F84A93DBB459D696D04.PDF,yes
md_12990,Rural Co-operative Banks,"Reserve Bank of India (Rural Co-operative Banks – Financial Statements: Presentation and Disclosures) Directions, 2025 (Updated as on April 1, 2026)",https://rbidocs.rbi.org.in/rdocs/notification/PDFs/314MD105FDB4D92954DC8A332FDDD468727E2.PDF,yes
md_12991,Rural Co-operative Banks,"Reserve Bank of India (Rural Co-operative Banks – Treatment of Wilful Defaulters and Large Defaulters) Directions, 2025",https://rbidocs.rbi.org.in/rdocs/notification/PDFs/313MD02F712F901B74064B5DFB5389AAF4635.PDF,yes
md_12992,Rural Co-operative Banks,"Reserve Bank of India (Rural Co-operative Banks – Resolution of Stressed Assets) Directions, 2025 (Updated as on July 01, 2026)",https://rbidocs.rbi.org.in/rdocs/notification/PDFs/312MDED63664A2FAD47AAA2AF35B21B42D891.PDF,yes
md_12993,Rural Co-operative Banks,"Reserve Bank of India (Rural Co-operative Banks – Income Recognition, Asset Classification and Provisioning) Directions, 2025  (Updated as on July 01, 2026)",https://rbidocs.rbi.org.in/rdocs/notification/PDFs/311MD325E093FC9B14A5E8D968E2BFC9A7CE2.PDF,yes
md_12994,Rural Co-operative Banks,"Reserve Bank of India (Rural Co-operative Banks – Asset Liability Management) Directions, 2025",https://rbidocs.rbi.org.in/rdocs/notification/PDFs/310MDB3001389A9CC4E929E5C95170219D08C.PDF,yes
md_12995,Rural Co-operative Banks,"Reserve Bank of India (Rural Co-operative Banks – Classification, Valuation and Operation of Investment Portfolio) Directions, 2025 (Updated as on May 18, 2026)",https://rbidocs.rbi.org.in/rdocs/notification/PDFs/309MDA721C4C88C1C47618967DEE0A5DD8ECF.PDF,yes
md_12996,Rural Co-operative Banks,"Reserve Bank of India (Rural Co-operative Banks – Interest Rates on Advances) Directions, 2025",https://rbidocs.rbi.org.in/rdocs/notification/PDFs/308MD5EFEC2756D6C49D89939321BFA1112ED.PDF,yes
md_12997,Rural Co-operative Banks,"Reserve Bank of India (Rural Co-operative Banks – Transfer and Distribution of Credit Risk) Directions, 2025",https://rbidocs.rbi.org.in/rdocs/notification/PDFs/307MDA2E3C66F4060495EB4262788206D4624.PDF,yes
md_12998,Rural Co-operative Banks,"Reserve Bank of India (Rural Co-operative Banks – Concentration Risk Management) Directions, 2025",https://rbidocs.rbi.org.in/rdocs/notification/PDFs/306MD1B2E712A2C85493B9597D742B7D0723D.PDF,yes
md_12999,Rural Co-operative Banks,"Reserve Bank of India (Rural Co-operative Banks – Credit Risk Management) Directions, 2025 (Updated as on July 01, 2026)",https://rbidocs.rbi.org.in/rdocs/notification/PDFs/305MDBAA8E20812664CD58C98C7436D919C49.PDF,yes
md_13000,Rural Co-operative Banks,"Reserve Bank of India (Rural Co-operative Banks – Credit Information Reporting) Directions, 2025 (Updated as on July 01, 2026)",https://rbidocs.rbi.org.in/rdocs/notification/PDFs/304MDB8CFC8C99FB2410A82F9022648786BD0.PDF,yes
md_13001,Rural Co-operative Banks,"Reserve Bank of India (Rural Co-operative Banks – Debit Cards: Issuance and Conduct) Directions, 2025",https://rbidocs.rbi.org.in/rdocs/notification/PDFs/303MD6394576E32E84D3FA6634CBA70F0291A.PDF,yes
md_13002,Rural Co-operative Banks,"Reserve Bank of India (Rural Co-operative Banks – Credit Facilities) Directions, 2025 (Updated as on April 01, 2026)",https://rbidocs.rbi.org.in/rdocs/notification/PDFs/302MD9447AEE4C3A543AA970CAF17ECD0E440.PDF,yes
md_13003,Rural Co-operative Banks,"Reserve Bank of India (Rural Co-operative Banks – Interest Rate on Deposits) Directions, 2025 (Updated as on June 17, 2026)",https://rbidocs.rbi.org.in/rdocs/notification/PDFs/301MD61FDD3EB323E49EEA9A1DFCE704E5BF9.PDF,yes
md_13004,Rural Co-operative Banks,"Reserve Bank of India (Rural Co-operative Banks – Prudential Norms on Capital Adequacy) Directions, 2025 (Updated as on May 15, 2026)",https://rbidocs.rbi.org.in/rdocs/notification/PDFs/300MDF58DB7A7A9564C0CA00ABE5D6A0A07F1.PDF,yes
md_13005,Rural Co-operative Banks,"Reserve Bank of India (Rural Co-operative Banks – Cash Reserve Ratio and Statutory Liquidity Ratio) Directions, 2025 (Updated as on June 19, 2026)",https://rbidocs.rbi.org.in/rdocs/notification/PDFs/299MDEC55794FB96E4E52A5B5D0893EBE36F6.PDF,yes
md_13006,Rural Co-operative Banks,"Reserve Bank of India (Rural Co-operative Banks - Governance) Directions, 2025 (Updated as on May 25, 2026)",https://rbidocs.rbi.org.in/rdocs/notification/PDFs/298MD47439C1E67454650A666D90BDDE73AC3.PDF,yes
md_13007,Rural Co-operative Banks,"Reserve Bank of India (Rural Co-operative Banks – Undertaking of Financial Services) Directions, 2025 (Updated as on April 27, 2026)",https://rbidocs.rbi.org.in/rdocs/notification/PDFs/297MD8B97C3B046D84D0BAA969029B3B4F39F.PDF,yes
md_13008,Rural Co-operative Banks,"Reserve Bank of India (Rural Co-operative Banks – Digital Banking Channels Authorisation) Directions, 2025",https://rbidocs.rbi.org.in/rdocs/notification/PDFs/386MD2EA5A2249DB94541B485F19F9D6CEC6C.PDF,yes
md_13010,Rural Co-operative Banks,"Reserve Bank of India (Rural Co-operative Banks - Voluntary Amalgamation) Directions, 2025",https://rbidocs.rbi.org.in/rdocs/notification/PDFs/295MD1EAD13C6D93B44E98AB6A4353542054E.PDF,yes
md_13011,Urban Co-operative Banks,"Reserve Bank of India (Urban Co-operative Banks – Miscellaneous) Directions, 2025",https://rbidocs.rbi.org.in/rdocs/notification/PDFs/294MDA514F8EED7554D9F8B8DC461B55E4956.PDF,yes
md_13012,Urban Co-operative Banks,"Reserve Bank of India (Urban Co-operative Banks – Managing Risks in Outsourcing) Directions, 2025",https://rbidocs.rbi.org.in/rdocs/notification/PDFs/293MD6D08F6482DFE4A22AF441AD601136473.PDF,yes
md_13013,Urban Co-operative Banks,"Reserve Bank of India (Urban Co-operative Banks – Responsible Business Conduct) Directions, 2025 (Updated as on July 1, 2026)",https://rbidocs.rbi.org.in/rdocs/notification/PDFs/292MD76099C95D4BD4139A4EBCDA2F50BEFA2.PDF,yes
md_13014,Urban Co-operative Banks,"Reserve Bank of India (Urban Co-operative Banks – Know Your Customer) Directions, 2025 (Updated as on December 29, 2025)",https://rbidocs.rbi.org.in/rdocs/notification/PDFs/291MDE108E59AC43D4C13B2D06598B296C877.PDF,yes
md_13015,Urban Co-operative Banks,"Reserve Bank of India (Urban Co-operative Banks – Prudential Norms on Declaration of Dividends) Directions, 2025",https://rbidocs.rbi.org.in/rdocs/notification/PDFs/290MD616350878BDB425AB674BD8F44CECA6F.PDF,yes
md_13016,Urban Co-operative Banks,"Reserve Bank of India (Urban Co-operative Banks – Financial Statements: Presentation and Disclosures) Directions, 2025 (Updated as on April 1, 2026)",https://rbidocs.rbi.org.in/rdocs/notification/PDFs/289MDA4C31A1342334925BEA8860F1C07A2E2.PDF,yes
md_13017,Urban Co-operative Banks,"Reserve Bank of India (Urban Co-operative Banks – Treatment of Wilful Defaulters and Large Defaulters) Directions, 2025",https://rbidocs.rbi.org.in/rdocs/notification/PDFs/288MDFF01AB60686C42C3A362F83E87392224.PDF,yes
md_13018,Urban Co-operative Banks,"Reserve Bank of India (Urban Co-operative Banks – Resolution of Stressed Assets) Directions, 2025 (Updated as on July 1, 2026)",https://rbidocs.rbi.org.in/rdocs/notification/PDFs/287MDF9C64E970EA74C16A6FEAB59052A0F72.PDF,yes
md_13019,Urban Co-operative Banks,"Reserve Bank of India (Urban Co-operative Banks – Income Recognition, Asset Classification and Provisioning) Directions, 2025 (updated as on July 01, 2026)",https://rbidocs.rbi.org.in/rdocs/notification/PDFs/286MD85DCC2671BCB41DC8B0714812DAB799A.PDF,yes
md_13020,Urban Co-operative Banks,"Reserve Bank of India (Urban Co-operative Banks – Asset Liability Management) Directions, 2025",https://rbidocs.rbi.org.in/rdocs/notification/PDFs/285MDF435283E73444E45A54EC8764ABCC848.PDF,yes
md_13021,Urban Co-operative Banks,"Reserve Bank of India (Urban Co-operative Banks – Classification, Valuation and Operation of Investment Portfolio) Directions, 2025 (Updated as on May 18, 2026)",https://rbidocs.rbi.org.in/rdocs/notification/PDFs/284MD47AE1D934ED549E2AEB98E30D3A85A57.PDF,yes
md_13022,Urban Co-operative Banks,"Reserve Bank of India (Urban Co-operative Banks – Interest Rates on Advances) Directions, 2025",https://rbidocs.rbi.org.in/rdocs/notification/PDFs/283MDC3CE849D1EE047478359BA164A180EB2.PDF,yes
md_13023,Urban Co-operative Banks,"Reserve Bank of India (Urban Co-operative Banks – Transfer and Distribution of Credit Risk) Directions, 2025",https://rbidocs.rbi.org.in/rdocs/notification/PDFs/282MD963601BD314543AD8105FDAFACD3AA91.PDF,yes
md_13024,Urban Co-operative Banks,"Reserve Bank of India (Urban Co-operative Banks – Concentration Risk Management) Directions, 2025",https://rbidocs.rbi.org.in/rdocs/notification/PDFs/281MD5AD018D50ACD4B10AF51DD504AD3DDB3.PDF,yes
md_13025,Urban Co-operative Banks,"Reserve Bank of India (Urban Co-operative Banks – Credit Risk Management) Directions, 2025 (Updated as on July 01, 2026)",https://rbidocs.rbi.org.in/rdocs/notification/PDFs/280MD71ABEC5E655C4CE7816646F849E5CB29.PDF,yes
md_13026,Urban Co-operative Banks,"Reserve Bank of India (Urban Co-operative Banks – Credit Information Reporting) Directions, 2025 (Updated as on July 01, 2026)",https://rbidocs.rbi.org.in/rdocs/notification/PDFs/279MD3334DC0D4F8F43068FA37F74DED62382.PDF,yes
md_13027,Urban Co-operative Banks,"Reserve Bank of India (Urban Co-operative Banks – Credit Cards and Debit Cards: Issuance and Conduct) Directions, 2025",https://rbidocs.rbi.org.in/rdocs/notification/PDFs/278MD2C704B1C34BF4E1BB8F6B710190D4E6C.PDF,yes
md_13028,Urban Co-operative Banks,"Reserve Bank of India (Urban Co-operative Banks – Credit Facilities) Directions, 2025 (Updated as on July 15, 2026)",https://rbidocs.rbi.org.in/rdocs/notification/PDFs/277MDFF00147367D64F02899A3A756CDA9093.PDF,yes
md_13029,Urban Co-operative Banks,"Reserve Bank of India (Urban Co-operative Banks – Interest Rate on Deposits) Directions, 2025 (Updated as on June 17, 2026)",https://rbidocs.rbi.org.in/rdocs/notification/PDFs/276MD926CB0F1D85C4C7981A81F01AAEE0D13.PDF,yes
md_13030,Urban Co-operative Banks,"Reserve Bank of India (Urban Co-operative Banks - Prudential Norms on Capital Adequacy) Directions, 2025 (Updated as on June 16, 2026)",https://rbidocs.rbi.org.in/rdocs/notification/PDFs/275MD3D20366A706C4C13B4FA21A3DC0451A1.PDF,yes
md_13031,Urban Co-operative Banks,"Reserve Bank of India (Urban Co-operative Banks – Cash Reserve Ratio and Statutory Liquidity Ratio) Directions, 2025 (Updated as on June 19, 2026)",https://rbidocs.rbi.org.in/rdocs/notification/PDFs/274MD3A0AEE03DF1B4F39BB0F0B91BFC73A05.PDF,yes
md_13032,Urban Co-operative Banks,"Reserve Bank of India (Urban Co-operative Banks - Governance) Directions, 2025 (Updated as on May 25, 2026)",https://rbidocs.rbi.org.in/rdocs/notification/PDFs/273MD1E2C8ADF7F3D4881933547E0AAABCFA4.PDF,yes
md_13033,Urban Co-operative Banks,"Reserve Bank of India (Urban Co-operative Banks – Undertaking of Financial Services) Directions, 2025 (Updated as on April 27, 2026)",https://rbidocs.rbi.org.in/rdocs/notification/PDFs/272MD6C9694D129BC4A769CBCD6B206A345B5.PDF,yes
md_13034,Urban Co-operative Banks,"Reserve Bank of India (Urban Co-operative Banks – Digital Banking Channels Authorisation) Directions, 2025",https://rbidocs.rbi.org.in/rdocs/notification/PDFs/385MDE9EEBCE5D5EA40C5AD9FD122507E94F8.PDF,yes
md_13036,Urban Co-operative Banks,"Reserve Bank of India (Urban Co-operative Banks – Voluntary Amalgamation) Directions, 2025",https://rbidocs.rbi.org.in/rdocs/notification/PDFs/270MD0F410014D53F4900814935480D096DDA.PDF,yes
md_13038,Regional Rural Banks,"Reserve Bank of India (Regional Rural Banks – Miscellaneous) Directions, 2025",https://rbidocs.rbi.org.in/rdocs/notification/PDFs/268MD4759833478EF4A88898144BF91E4EE1B.PDF,yes
md_13039,Regional Rural Banks,"Reserve Bank of India (Regional Rural Banks – Responsible Business Conduct) Directions, 2025 (Updated as on July 1, 2026)",https://rbidocs.rbi.org.in/rdocs/notification/PDFs/267MD96B7D24557AC47BFB051A5301120FFBB.PDF,yes
md_13040,Regional Rural Banks,"Reserve Bank of India (Regional Rural Banks – Know Your Customer) Directions, 2025 (Updated as on December 29, 2025)",https://rbidocs.rbi.org.in/rdocs/notification/PDFs/266MDB4BD80DE4B394A50808E81ACC3A2358E.PDF,yes
md_13041,Regional Rural Banks,"Reserve Bank of India (Regional Rural Banks – Financial Statements: Presentation and Disclosures) Directions, 2025 (Updated as on April 1, 2026)",https://rbidocs.rbi.org.in/rdocs/notification/PDFs/265MD4C8ABA19A5194D39A7AD1071676C3060.PDF,yes
md_13042,Regional Rural Banks,"Reserve Bank of India (Regional Rural Banks – Treatment of Wilful Defaulters and Large Defaulters) Directions, 2025",https://rbidocs.rbi.org.in/rdocs/notification/PDFs/264MDC9E9F8DD7A7D4A0D8C7661B8589E8605.PDF,yes
md_13043,Regional Rural Banks,"Reserve Bank of India (Regional Rural Banks – Resolution of Stressed Assets) Directions, 2025 (updated as on July 01, 2026)",https://rbidocs.rbi.org.in/rdocs/notification/PDFs/263MD.PDF,yes
md_13044,Regional Rural Banks,"Reserve Bank of India (Regional Rural Banks – Income Recognition, Asset Classification and Provisioning) Directions, 2025 (updated as on July 01, 2026)",https://rbidocs.rbi.org.in/rdocs/notification/PDFs/262MD.PDF,yes
md_13045,Regional Rural Banks,"Reserve Bank of India (Regional Rural Banks – Asset Liability Management) Directions, 2025",https://rbidocs.rbi.org.in/rdocs/notification/PDFs/261MD.PDF,yes
md_13046,Regional Rural Banks,"Reserve Bank of India (Regional Rural Banks – Classification, Valuation and Operation of Investment Portfolio) Directions, 2025 (Updated as on May 18, 2026)",https://rbidocs.rbi.org.in/rdocs/notification/PDFs/260MD.PDF,yes
md_13047,Regional Rural Banks,"Reserve Bank of India (Regional Rural Banks – Interest Rates on Advances) Directions, 2025",https://rbidocs.rbi.org.in/rdocs/notification/PDFs/259MD.PDF,yes
md_13048,Regional Rural Banks,"Reserve Bank of India (Regional Rural Banks – Transfer and Distribution of Credit Risk) Directions, 2025",https://rbidocs.rbi.org.in/rdocs/notification/PDFs/258MD.PDF,yes
md_13049,Regional Rural Banks,"Reserve Bank of India (Regional Rural Banks – Concentration Risk Management) Directions, 2025",https://rbidocs.rbi.org.in/rdocs/notification/PDFs/257MD.PDF,yes
md_13050,Regional Rural Banks,"Reserve Bank of India (Regional Rural Banks – Credit Risk Management) Directions, 2025 (updated as on July 01, 2026)",https://rbidocs.rbi.org.in/rdocs/notification/PDFs/256MD.PDF,yes
md_13051,Regional Rural Banks,"Reserve Bank of India (Regional Rural Banks – Credit Information Reporting) Directions, 2025 (Updated as on July 01, 2026)",https://rbidocs.rbi.org.in/rdocs/notification/PDFs/255MD.PDF,yes
md_13052,Regional Rural Banks,"Reserve Bank of India (Regional Rural Banks – Credit Cards and Debit Cards: Issuance and Conduct) Directions, 2025",https://rbidocs.rbi.org.in/rdocs/notification/PDFs/254MD.PDF,yes
md_13053,Regional Rural Banks,"Reserve Bank of India (Regional Rural Banks – Credit Facilities) Directions, 2025 (Updated as on April 01, 2026)",https://rbidocs.rbi.org.in/rdocs/notification/PDFs/253MD.PDF,yes
md_13054,Regional Rural Banks,"Reserve Bank of India (Regional Rural Banks – Interest Rate on Deposits) Directions, 2025 (Updated as on June 17, 2026)",https://rbidocs.rbi.org.in/rdocs/notification/PDFs/252MD.PDF,yes
md_13055,Regional Rural Banks,"Reserve Bank of India (Regional Rural Banks - Prudential Norms on Capital Adequacy) Directions, 2025 (Updated as on June 16, 2026)",https://rbidocs.rbi.org.in/rdocs/notification/PDFs/251MD.PDF,yes
md_13056,Regional Rural Banks,"Reserve Bank of India (Regional Rural Banks – Cash Reserve Ratio and Statutory Liquidity Ratio) Directions, 2025 (Updated as on June 19, 2026)",https://rbidocs.rbi.org.in/rdocs/notification/PDFs/250MD.PDF,yes
md_13057,Regional Rural Banks,"Reserve Bank of India (Regional Rural Banks – Governance) Directions, 2025",https://rbidocs.rbi.org.in/rdocs/notification/PDFs/249MD.PDF,yes
md_13058,Regional Rural Banks,"Reserve Bank of India (Regional Rural Banks – Undertaking of Financial Services) Directions, 2025 (Updated as on April 27, 2026)",https://rbidocs.rbi.org.in/rdocs/notification/PDFs/248MD.PDF,yes
md_13059,Regional Rural Banks,"Reserve Bank of India (Regional Rural Banks – Digital Banking Channels Authorisation) Directions, 2025",https://rbidocs.rbi.org.in/rdocs/notification/PDFs/384MD.PDF,yes
md_13060,Regional Rural Banks,"Reserve Bank of India (Regional Rural Banks – Branch Authorisation) Directions, 2025",https://rbidocs.rbi.org.in/rdocs/notification/PDFs/247MD.PDF,yes
md_13061,Local Area Banks,"Reserve Bank of India (Local Area Banks – Miscellaneous) Directions, 2025 (Updated as on April 27, 2026)",https://rbidocs.rbi.org.in/rdocs/notification/PDFs/246MD.PDF,yes
md_13062,Local Area Banks,"Reserve Bank of India (Local Area Banks – Managing Risks in Outsourcing) Directions, 2025",https://rbidocs.rbi.org.in/rdocs/notification/PDFs/245MD.PDF,yes
md_13063,Local Area Banks,"Reserve Bank of India (Local Area Banks – Responsible Business Conduct) Directions, 2025 (Updated as on July 1, 2026)",https://rbidocs.rbi.org.in/rdocs/notification/PDFs/244MD.PDF,yes
md_13064,Local Area Banks,"Reserve Bank of India (Local Area Banks – Know Your Customer) Directions, 2025 (Updated as on December 29, 2025)",https://rbidocs.rbi.org.in/rdocs/notification/PDFs/243MD.PDF,yes
md_13066,Local Area Banks,"Reserve Bank of India (Local Area Banks – Financial Statements: Presentation and Disclosures) Directions, 2025 (Updated as on May 18, 2026)",https://rbidocs.rbi.org.in/rdocs/notification/PDFs/241MD.PDF,yes
md_13067,Local Area Banks,"Reserve Bank of India (Local Area Banks – Treatment of Wilful Defaulters and Large Defaulters) Directions, 2025",https://rbidocs.rbi.org.in/rdocs/notification/PDFs/240MD.PDF,yes
md_13068,Local Area Banks,"Reserve Bank of India (Local Area Banks – Resolution of Stressed Assets) Directions, 2025 (Updated as on July 1, 2026)",https://rbidocs.rbi.org.in/rdocs/notification/PDFs/239MD.PDF,yes
md_13069,Local Area Banks,"Reserve Bank of India (Local Area Banks – Income Recognition, Asset Classification and Provisioning) Directions, 2025 (Updated as on July 1, 2026)",https://rbidocs.rbi.org.in/rdocs/notification/PDFs/238MD.PDF,yes
md_13070,Local Area Banks,"Reserve Bank of India (Local Area Banks – Asset Liability Management) Directions, 2025",https://rbidocs.rbi.org.in/rdocs/notification/PDFs/237MD.PDF,yes
md_13071,Local Area Banks,"Reserve Bank of India (Local Area Banks – Classification, Valuation and Operation of Investment Portfolio) Directions, 2025 (Updated as on May 18, 2026)",https://rbidocs.rbi.org.in/rdocs/notification/PDFs/236MD.PDF,yes
md_13072,Local Area Banks,"Reserve Bank of India (Local Area Banks – Interest Rates on Advances) Directions, 2025",https://rbidocs.rbi.org.in/rdocs/notification/PDFs/235MD.PDF,yes
md_13073,Local Area Banks,"Reserve Bank of India (Local Area Banks – Transfer and Distribution of Credit Risk) Directions, 2025",https://rbidocs.rbi.org.in/rdocs/notification/PDFs/234MD.PDF,yes
md_13074,Local Area Banks,"Reserve Bank of India (Local Area Banks – Concentration Risk Management) Directions, 2025",https://rbidocs.rbi.org.in/rdocs/notification/PDFs/233MD.PDF,yes
md_13075,Local Area Banks,"Reserve Bank of India (Local Area Banks – Credit Risk Management) Directions, 2025 (Updated as on July 01, 2026)",https://rbidocs.rbi.org.in/rdocs/notification/PDFs/232MD.PDF,yes
md_13076,Local Area Banks,"Reserve Bank of India (Local Area Banks – Credit Information Reporting) Directions, 2025 (Updated as on July 01, 2026)",https://rbidocs.rbi.org.in/rdocs/notification/PDFs/231MD.PDF,yes
md_13077,Local Area Banks,"Reserve Bank of India (Local Area Banks – Debit Cards: Issuance and Conduct) Directions, 2025",https://rbidocs.rbi.org.in/rdocs/notification/PDFs/230MD.PDF,yes
md_13078,Local Area Banks,"Reserve Bank of India (Local Area Banks – Credit Facilities) Directions, 2025 (Updated as on April 01, 2026)",https://rbidocs.rbi.org.in/rdocs/notification/PDFs/229MD.PDF,yes
md_13079,Local Area Banks,"Reserve Bank of India (Local Area Banks – Interest Rate on Deposits) Directions, 2025 (Updated as on June 17, 2026)",https://rbidocs.rbi.org.in/rdocs/notification/PDFs/228MD.PDF,yes
md_13080,Local Area Banks,"Reserve Bank of India (Local Area Banks – Prudential Norms on Capital Adequacy) Directions, 2025",https://rbidocs.rbi.org.in/rdocs/notification/PDFs/227MD.PDF,yes
md_13081,Local Area Banks,"Reserve Bank of India (Local Area Banks – Cash Reserve Ratio and Statutory Liquidity Ratio) Directions, 2025 (Updated as on January 22, 2026)",https://rbidocs.rbi.org.in/rdocs/notification/PDFs/226MD.PDF,yes
md_13082,Local Area Banks,"Reserve Bank of India (Local Area Banks – Governance) Directions, 2025",https://rbidocs.rbi.org.in/rdocs/notification/PDFs/225MD.PDF,yes
md_13083,Local Area Banks,"Reserve Bank of India (Local Area Banks – Digital Banking Channels Authorisation) Directions, 2025",https://rbidocs.rbi.org.in/rdocs/notification/PDFs/383MD.PDF,yes
md_13084,Local Area Banks,"Reserve Bank of India (Local Area Banks – Branch Authorisation) Directions, 2025",https://rbidocs.rbi.org.in/rdocs/notification/PDFs/224MD.PDF,yes
md_13085,Local Area Banks,"Reserve Bank of India (Local Area Banks – Voluntary Amalgamation) Directions, 2025",https://rbidocs.rbi.org.in/rdocs/notification/PDFs/223MD.PDF,yes
md_13086,Local Area Banks,"Reserve Bank of India (Local Area Banks – Acquisition and Holding of Shares or Voting Rights) Directions, 2025",https://rbidocs.rbi.org.in/rdocs/notification/PDFs/222MD.PDF,yes
md_13087,Payments Banks,"Reserve Bank of India (Payments Banks – Miscellaneous) Directions, 2025 (Updated as on April 01, 2026)",https://rbidocs.rbi.org.in/rdocs/notification/PDFs/221MD.PDF,no
md_13088,Payments Banks,"Reserve Bank of India (Payments Banks – Managing Risks in Outsourcing) Directions, 2025",https://rbidocs.rbi.org.in/rdocs/notification/PDFs/220MD.PDF,no
md_13089,Payments Banks,"Reserve Bank of India (Payments Banks – Responsible Business Conduct) Directions, 2025 (Updated as on April 1, 2026)",https://rbidocs.rbi.org.in/rdocs/notification/PDFs/219MD.PDF,no
md_13090,Payments Banks,"Reserve Bank of India (Payments Banks – Know Your Customer) Directions, 2025 (Updated as on December 29, 2025)",https://rbidocs.rbi.org.in/rdocs/notification/PDFs/218MD.PDF,yes
md_13092,Payments Banks,"Reserve Bank of India (Payments Banks – Financial Statements: Presentation and Disclosures) Directions, 2025 (Updated as on April 1, 2026)",https://rbidocs.rbi.org.in/rdocs/notification/PDFs/216MD.PDF,yes
md_13093,Payments Banks,"Reserve Bank of India (Payments Banks – Asset Liability Management) Directions, 2025",https://rbidocs.rbi.org.in/rdocs/notification/PDFs/215MD.PDF,yes
md_13094,Payments Banks,"Reserve Bank of India (Payments Banks – Classification, Valuation and Operation of Investment Portfolio) Directions, 2025 (Updated as on May 18, 2026)",https://rbidocs.rbi.org.in/rdocs/notification/PDFs/214MD.PDF,yes
md_13095,Payments Banks,"Reserve Bank of India (Payments Banks – Debit Cards: Issuance and Conduct) Directions, 2025",https://rbidocs.rbi.org.in/rdocs/notification/PDFs/213MD.PDF,yes
md_13096,Payments Banks,"Reserve Bank of India (Payments Banks – Interest Rate on Deposits) Directions, 2025",https://rbidocs.rbi.org.in/rdocs/notification/PDFs/212MD.PDF,yes
md_13097,Payments Banks,"Reserve Bank of India (Payments Banks – Prudential Norms on Capital Adequacy) Directions, 2025 (updated as on May 08, 2026)",https://rbidocs.rbi.org.in/rdocs/notification/PDFs/211MD.PDF,yes
md_13098,Payments Banks,"Reserve Bank of India (Payments Banks – Cash Reserve Ratio and Statutory Liquidity Ratio) Directions, 2025 (Updated as on January 22, 2026)",https://rbidocs.rbi.org.in/rdocs/notification/PDFs/210MD.PDF,yes
md_13099,Payments Banks,"Reserve Bank of India (Payments Banks - Governance) Directions, 2025",https://rbidocs.rbi.org.in/rdocs/notification/PDFs/209MD.PDF,yes
md_13100,Payments Banks,"Reserve Bank of India (Payments Banks – Undertaking of Financial Services) Directions, 2025 (Updated as on December 05, 2025)",https://rbidocs.rbi.org.in/rdocs/notification/PDFs/208MD.PDF,yes
md_13101,Payments Banks,"Reserve Bank of India (Payments Banks – Digital Banking Channels Authorisation) Directions, 2025",https://rbidocs.rbi.org.in/rdocs/notification/PDFs/382MD.PDF,yes
md_13102,Payments Banks,"Reserve Bank of India (Payments Banks – Branch Authorisation) Directions, 2025",https://rbidocs.rbi.org.in/rdocs/notification/PDFs/207MD.PDF,yes
md_13103,Payments Banks,"Reserve Bank of India (Payments Banks – Voluntary Amalgamation) Directions, 2025",https://rbidocs.rbi.org.in/rdocs/notification/PDFs/206MD.PDF,yes
md_13104,Payments Banks,"Reserve Bank of India (Payments Banks – Acquisition and Holding of Shares or Voting Rights) Directions, 2025",https://rbidocs.rbi.org.in/rdocs/notification/PDFs/205MD.PDF,yes
md_13105,Small Finance Banks,"Reserve Bank of India (Small Finance Banks – Miscellaneous) Directions, 2025",https://rbidocs.rbi.org.in/rdocs/notification/PDFs/204MD.PDF,no
md_13106,Small Finance Banks,"Reserve Bank of India (Small Finance Banks – Climate Finance and Management of Climate Change Risks) Directions, 2025",https://rbidocs.rbi.org.in/rdocs/notification/PDFs/203MD.PDF,no
md_13107,Small Finance Banks,"Reserve Bank of India (Small Finance Banks – Managing Risks in Outsourcing) Directions, 2025",https://rbidocs.rbi.org.in/rdocs/notification/PDFs/202MD.PDF,no
md_13108,Small Finance Banks,"Reserve Bank of India (Small Finance Banks – Responsible Business Conduct) Directions, 2025 (Updated as on July 1, 2026)",https://rbidocs.rbi.org.in/rdocs/notification/PDFs/201MD.PDF,no
md_13109,Small Finance Banks,"Reserve Bank of India (Small Finance Banks – Know Your Customer) Directions, 2025 (Updated as on December 29, 2025)",https://rbidocs.rbi.org.in/rdocs/notification/PDFs/200MD.PDF,no
md_13111,Small Finance Banks,"Reserve Bank of India (Small Finance Banks - Financial Statements: Presentation and Disclosures) Directions, 2025 (Updated as on July 01, 2026)",https://rbidocs.rbi.org.in/rdocs/notification/PDFs/198MD.PDF,no
md_13112,Small Finance Banks,"Reserve Bank of India (Small Finance Banks – Treatment of Wilful Defaulters and Large Defaulters) Directions, 2025",https://rbidocs.rbi.org.in/rdocs/notification/PDFs/197MD.PDF,no
md_13113,Small Finance Banks,"Reserve Bank of India (Small Finance Banks – Resolution of Stressed Assets) Directions, 2025 (Updated as on July 01, 2026)",https://rbidocs.rbi.org.in/rdocs/notification/PDFs/196MD.PDF,no
md_13114,Small Finance Banks,"Reserve Bank of India (Small Finance Banks – Income Recognition, Asset Classification and Provisioning) Directions, 2025 (Updated as on July 01, 2026)",https://rbidocs.rbi.org.in/rdocs/notification/PDFs/195MD.PDF,no
md_13115,Small Finance Banks,"Reserve Bank of India (Small Finance Banks – Asset Liability Management) Directions, 2025",https://rbidocs.rbi.org.in/rdocs/notification/PDFs/194MD.PDF,no
md_13116,Small Finance Banks,"Reserve Bank of India (Small Finance Banks – Classification, Valuation and Operation of Investment Portfolio) Directions, 2025 (Updated as on May 18, 2026)",https://rbidocs.rbi.org.in/rdocs/notification/PDFs/193MD.PDF,no
md_13117,Small Finance Banks,"Reserve Bank of India (Small Finance Banks – Interest Rates on Advances) Directions, 2025",https://rbidocs.rbi.org.in/rdocs/notification/PDFs/192MD.PDF,no
md_13118,Small Finance Banks,"Reserve Bank of India (Small Finance Banks – Securitisation Transactions) Directions, 2025",https://rbidocs.rbi.org.in/rdocs/notification/PDFs/191MD.PDF,no
md_13119,Small Finance Banks,"Reserve Bank of India (Small Finance Banks – Transfer and Distribution of Credit Risk) Directions, 2025",https://rbidocs.rbi.org.in/rdocs/notification/PDFs/190MD.PDF,no
md_13120,Small Finance Banks,"Reserve Bank of India (Small Finance Banks – Concentration Risk Management) Directions, 2025 (Updated as on July 01, 2026)",https://rbidocs.rbi.org.in/rdocs/notification/PDFs/189MD.PDF,no
md_13121,Small Finance Banks,"Reserve Bank of India (Small Finance Banks – Credit Risk Management) Directions, 2025 (Updated as on July 01, 2026)",https://rbidocs.rbi.org.in/rdocs/notification/PDFs/188MD.PDF,no
md_13122,Small Finance Banks,"Reserve Bank of India (Small Finance Banks – Credit Information Reporting) Directions, 2025 (Updated as on July 01, 2026)",https://rbidocs.rbi.org.in/rdocs/notification/PDFs/187MD.PDF,no
md_13123,Small Finance Banks,"Reserve Bank of India (Small Finance Banks – Credit Cards and Debit Cards: Issuance and Conduct) Directions, 2025",https://rbidocs.rbi.org.in/rdocs/notification/PDFs/186MD.PDF,no
md_13124,Small Finance Banks,"Reserve Bank of India (Small Finance Banks – Credit Facilities) Directions, 2025 (Updated as on July 15, 2026)",https://rbidocs.rbi.org.in/rdocs/notification/PDFs/185MD.PDF,no
md_13125,Small Finance Banks,"Reserve Bank of India (Small Finance Banks – Interest Rate on Deposits) Directions, 2025 (Updated as on June 17, 2026)",https://rbidocs.rbi.org.in/rdocs/notification/PDFs/184MD.PDF,no
md_13126,Small Finance Banks,"Reserve Bank of India (Small Finance Banks - Resource Raising Norms) Directions, 2025",https://rbidocs.rbi.org.in/rdocs/notification/PDFs/183MD.PDF,no
md_13127,Small Finance Banks,"Reserve Bank of India (Small Finance Banks – Prudential Norms on Capital Adequacy) Directions, 2025 (Updated as on July 01, 2026)",https://rbidocs.rbi.org.in/rdocs/notification/PDFs/182MD.PDF,no
md_13128,Small Finance Banks,"Reserve Bank of India (Small Finance Banks – Cash Reserve Ratio and Statutory Liquidity Ratio) Directions, 2025 (Updated as on June 19, 2026)",https://rbidocs.rbi.org.in/rdocs/notification/PDFs/181MD.PDF,no
md_13129,Small Finance Banks,"Reserve Bank of India (Small Finance Banks – Governance) Directions, 2025",https://rbidocs.rbi.org.in/rdocs/notification/PDFs/180MD.PDF,no
md_13130,Small Finance Banks,"Reserve Bank of India (Small Finance Banks – Undertaking of Financial Services) Directions, 2025 (Updated as on April 27, 2026)",https://rbidocs.rbi.org.in/rdocs/notification/PDFs/179MD.PDF,no
md_13131,Small Finance Banks,"Reserve Bank of India (Small Finance Banks – Digital Banking Channels Authorisation) Directions, 2025",https://rbidocs.rbi.org.in/rdocs/notification/PDFs/381MD.PDF,no
md_13132,Small Finance Banks,"Reserve Bank of India (Small Finance Banks – Branch Authorisation) Directions, 2025",https://rbidocs.rbi.org.in/rdocs/notification/PDFs/178MD.PDF,no
md_13133,Small Finance Banks,"Reserve Bank of India (Small Finance Banks - Voluntary Amalgamation) Directions, 2025",https://rbidocs.rbi.org.in/rdocs/notification/PDFs/177MD.PDF,no
md_13134,Small Finance Banks,"Reserve Bank of India (Small Finance Banks – Acquisition and Holding of Shares or Voting Rights) Directions, 2025",https://rbidocs.rbi.org.in/rdocs/notification/PDFs/176MD.PDF,no
md_13135,Small Finance Banks,"Reserve Bank of India (Small Finance Banks – Licensing) Guidelines, 2025",https://rbidocs.rbi.org.in/rdocs/notification/PDFs/175MD.PDF,no
md_13136,Commercial Banks,"Reserve Bank of India (Commercial Banks – Miscellaneous) Directions, 2025",https://rbidocs.rbi.org.in/rdocs/notification/PDFs/174MD.PDF,no
md_13137,Commercial Banks,"Reserve Bank of India (Commercial Banks – Forthcoming Instructions) Directions, 2025",https://rbidocs.rbi.org.in/rdocs/notification/PDFs/173MD.PDF,no
md_13138,Commercial Banks,"Reserve Bank of India (Commercial Banks - Climate Finance and Management of Climate Change Risks) Directions, 2025",https://rbidocs.rbi.org.in/rdocs/notification/PDFs/172MD.PDF,no
md_13139,Commercial Banks,"Reserve Bank of India (Commercial Banks – Managing Risks in Outsourcing) Directions, 2025",https://rbidocs.rbi.org.in/rdocs/notification/PDFs/171MD.PDF,no
md_13140,Commercial Banks,"Reserve Bank of India (Commercial Banks – Responsible Business Conduct) Directions, 2025 (Updated as on July 1, 2026)",https://rbidocs.rbi.org.in/rdocs/notification/PDFs/170MD.PDF,no
md_13141,Commercial Banks,"Reserve Bank of India (Commercial Banks – Know Your Customer) Directions, 2025 (Updated as on December 29, 2025)",https://rbidocs.rbi.org.in/rdocs/notification/PDFs/169MD.PDF,no
md_13143,Commercial Banks,"Reserve Bank of India (Commercial Banks - Financial Statements: Presentation and Disclosures) Directions, 2025 (Updated as on July 01, 2026)",https://rbidocs.rbi.org.in/rdocs/notification/PDFs/167MD.PDF,no
md_13144,Commercial Banks,"Reserve Bank of India (Commercial Banks – Treatment of Wilful Defaulters and Large Defaulters) Directions, 2025",https://rbidocs.rbi.org.in/rdocs/notification/PDFs/166MD.PDF,no
md_13145,Commercial Banks,"Reserve Bank of India (Commercial Banks – Resolution of Stressed Assets) Directions, 2025 (updated as on July 01, 2026)",https://rbidocs.rbi.org.in/rdocs/notification/PDFs/165MD.PDF,no
md_13146,Commercial Banks,"Reserve Bank of India (Commercial Banks – Income Recognition, Asset Classification and Provisioning) Directions, 2025 (updated as on July 01, 2026)",https://rbidocs.rbi.org.in/rdocs/notification/PDFs/164MD.PDF,no
md_13147,Commercial Banks,"Reserve Bank of India (Commercial Banks – Asset Liability Management) Directions, 2025",https://rbidocs.rbi.org.in/rdocs/notification/PDFs/163MD.PDF,no
md_13148,Commercial Banks,"Reserve Bank of India (Commercial Banks – Classification, Valuation and Operation of Investment Portfolio) Directions, 2025 (Updated as on May 18, 2026)",https://rbidocs.rbi.org.in/rdocs/notification/PDFs/162MD.PDF,no
md_13149,Commercial Banks,"Reserve Bank of India (Commercial Banks – Interest Rates on Advances) Directions, 2025",https://rbidocs.rbi.org.in/rdocs/notification/PDFs/161MD.PDF,no
md_13150,Commercial Banks,"Reserve Bank of India (Commercial Banks – Securitisation Transactions) Directions, 2025",https://rbidocs.rbi.org.in/rdocs/notification/PDFs/160MD.PDF,no
md_13151,Commercial Banks,"Reserve Bank of India (Commercial Banks - Transfer and Distribution of Credit Risk) Directions, 2025",https://rbidocs.rbi.org.in/rdocs/notification/PDFs/159MD.PDF,no
md_13152,Commercial Banks,"Reserve Bank of India (Commercial Banks – Concentration Risk Management) Directions, 2025 (Updated as on July 01, 2026)",https://rbidocs.rbi.org.in/rdocs/notification/PDFs/158MD.PDF,no
md_13153,Commercial Banks,"Reserve Bank of India (Commercial Banks – Credit Risk Management) Directions, 2025 (Updated as on July 01, 2026)",https://rbidocs.rbi.org.in/rdocs/notification/PDFs/157MD.PDF,no
md_13154,Commercial Banks,"Reserve Bank of India (Commercial Banks – Credit Information Reporting) Directions, 2025 (Updated as on July 01, 2026)",https://rbidocs.rbi.org.in/rdocs/notification/PDFs/156MD.PDF,no
md_13155,Commercial Banks,"Reserve Bank of India (Commercial Banks – Credit Cards and Debit Cards: Issuance and Conduct) Directions, 2025",https://rbidocs.rbi.org.in/rdocs/notification/PDFs/155MD.PDF,no
md_13156,Commercial Banks,"Reserve Bank of India (Commercial Banks – Credit Facilities) Directions, 2025 (Updated as on July 15, 2026)",https://rbidocs.rbi.org.in/rdocs/notification/PDFs/154MD.PDF,no
md_13157,Commercial Banks,"Reserve Bank of India (Commercial Banks – Interest Rate on Deposits) Directions, 2025 (Updated as on June 17, 2026)",https://rbidocs.rbi.org.in/rdocs/notification/PDFs/153MD.PDF,no
md_13158,Commercial Banks,"Reserve Bank of India (Commercial Banks – Resource Raising Norms) Directions, 2025",https://rbidocs.rbi.org.in/rdocs/notification/PDFs/152MD.PDF,no
md_13159,Commercial Banks,"Reserve Bank of India (Commercial Banks - Prudential Norms on Capital Adequacy) Directions, 2025 (Updated as on July 01, 2026)",https://rbidocs.rbi.org.in/rdocs/notification/PDFs/151MD.PDF,no
md_13160,Commercial Banks,"Reserve Bank of India (Commercial Banks – Cash Reserve Ratio and Statutory Liquidity Ratio) Directions, 2025 (Updated as on June 19, 2026)",https://rbidocs.rbi.org.in/rdocs/notification/PDFs/150MD.PDF,no
md_13161,Commercial Banks,"Reserve Bank of India (Commercial Banks - Governance) Directions, 2025",https://rbidocs.rbi.org.in/rdocs/notification/PDFs/149MD.PDF,no
md_13162,Commercial Banks,"Reserve Bank of India (Commercial Banks – Undertaking of Financial Services) Directions, 2025 (Updated as on July 01, 2026)",https://rbidocs.rbi.org.in/rdocs/notification/PDFs/148MD.PDF,no
md_13163,Commercial Banks,"Reserve Bank of India (Commercial Banks – Digital Banking Channels Authorisation) Directions, 2025",https://rbidocs.rbi.org.in/rdocs/notification/PDFs/380MD.PDF,no
md_13164,Commercial Banks,"Reserve Bank of India (Commercial Banks - Branch Authorisation) Directions, 2025",https://rbidocs.rbi.org.in/rdocs/notification/PDFs/147MD.PDF,no
md_13165,Commercial Banks,"Reserve Bank of India (Commercial Banks – Voluntary Amalgamation) Directions, 2025",https://rbidocs.rbi.org.in/rdocs/notification/PDFs/146MD.PDF,no
md_13166,Commercial Banks,"Reserve Bank of India (Commercial Banks – Acquisition and Holding of Shares or Voting Rights) Directions, 2025",https://rbidocs.rbi.org.in/rdocs/notification/PDFs/145MD.PDF,no
md_13167,Commercial Banks,"Reserve Bank of India (Setting Up of Wholly Owned Subsidiaries by Foreign Banks) Guidelines, 2025 (Updated as on April 1, 2026)",https://rbidocs.rbi.org.in/rdocs/notification/PDFs/144MD.PDF,no
md_13168,Commercial Banks,"Reserve Bank of India (Universal Banks – Licensing) Guidelines, 2025",https://rbidocs.rbi.org.in/rdocs/notification/PDFs/143MD.PDF,no
md_13202,Rural Co-operative Banks,"Reserve Bank of India (Rural Co-operative Banks – Miscellaneous) Directions, 2025",https://rbidocs.rbi.org.in/rdocs/notification/PDFs/319MDD6043B8B7A0A49CFA8C29881AE174DD6.PDF,yes
md_13203,Urban Co-operative Banks,"Reserve Bank of India (Urban Co-operative Banks – Licensing, Scheduling and Regulatory Classification) Guidelines, 2025",https://rbidocs.rbi.org.in/rdocs/notification/PDFs/269MDB68791ED3DA4407596FC88446FC24DF3.PDF,yes
md_13204,Urban Co-operative Banks,"Reserve Bank of India (Urban Co-operative Banks - Branch Authorisation) Directions, 2025",https://rbidocs.rbi.org.in/rdocs/notification/PDFs/271MD5F6E28F2C5AF4B92AE44048FD3C21405.PDF,yes
md_13205,Rural Co-operative Banks,"Reserve Bank of India (Rural Co-operative Banks - Branch Authorisation) Directions, 2025",https://rbidocs.rbi.org.in/rdocs/notification/PDFs/296MD3B084D4247B940E782DCF35DE02806CB.PDF,yes
md_13214,Financial Market,"Master Direction – Reserve Bank of India (Rupee Interest Rate Derivatives) Directions, 2025",https://rbidocs.rbi.org.in/rdocs/notification/PDFs/281MD4079EF84173847849A50F7A00FB229F5.PDF,yes
md_13271,Consumer Education and Protection,"Reserve Bank of India (Commercial Banks - Internal Ombudsman) Directions, 2026",https://rbidocs.rbi.org.in/rdocs/notification/PDFs/380MD14012026DAD56B73DC944F02AEA4530EC779AD7F.PDF,no
md_13272,Consumer Education and Protection,"Reserve Bank of India (Small Finance Banks - Internal Ombudsman) Directions, 2026",https://rbidocs.rbi.org.in/rdocs/notification/PDFs/381MD140120267212A1D4EF8349448E9416EF8F2D19B5.PDF,no
md_13273,Consumer Education and Protection,"Reserve Bank of India (Payments Banks - Internal Ombudsman) Directions, 2026",https://rbidocs.rbi.org.in/rdocs/notification/PDFs/NOT3821EAEF90E037B4061A91775A5525510C3.PDF,no
md_13274,Consumer Education and Protection,"Reserve Bank of India (Non-Banking Financial Companies - Internal Ombudsman) Directions, 2026",https://rbidocs.rbi.org.in/rdocs/notification/PDFs/383MD14012026559E41DD96224880B75EDB2B96E4BD8B.PDF,no
md_13275,Consumer Education and Protection,"Reserve Bank of India (Non-Bank Prepaid Payment Instruments Issuers - Internal Ombudsman) Directions, 2026",https://rbidocs.rbi.org.in/rdocs/notification/PDFs/384MD14012026E275757688DE4E68AF9813B3B9491E4B.PDF,no
md_13276,Consumer Education and Protection,"Reserve Bank of India (Credit Information Companies - Internal Ombudsman) Directions, 2026",https://rbidocs.rbi.org.in/rdocs/notification/PDFs/NOT38578CF3B232A694DBEAB2A9CE71848DCA1.PDF,no
md_13319,Commercial Banks,"Reserve Bank of India (Commercial Banks – Prudential Norms on Declaration of Dividend and Remittances of Profits) Directions, 2026",https://rbidocs.rbi.org.in/rdocs/notification/PDFs/387MD1003202698CBFA3D29254532B33C97C231B6F7D8.PDF,no
md_13321,Payments Banks,"Reserve Bank of India (Payments Banks – Prudential Norms on Declaration of Dividend) Directions, 2026",https://rbidocs.rbi.org.in/rdocs/notification/PDFs/388MD10032026C9C28BA2FD904454A24EE40607D82CC7.PDF,no
md_13324,Local Area Banks,"Reserve Bank of India (Local Area Banks – Prudential Norms on Declaration of Dividend) Directions, 2026",https://rbidocs.rbi.org.in/rdocs/notification/PDFs/389MD100320260CC22242233B4A46883801B79C02FE8B.PDF,yes
md_13327,Regional Rural Banks,"Reserve Bank of India (Regional Rural Banks – Prudential Norms on Declaration of Dividend) Directions, 2026",https://rbidocs.rbi.org.in/rdocs/notification/PDFs/390MD10032026A83919BF58A2481BB8240A89F25F285E.PDF,yes
md_13328,Small Finance Banks,"Reserve Bank of India (Small Finance Banks – Prudential Norms on Declaration of Dividend) Directions, 2026",https://rbidocs.rbi.org.in/rdocs/notification/PDFs/391MD10032026DEA2C866625C478D9F4CC695FCA60B68.PDF,no
md_13343,Financial Market,"Master Direction - Reserve Bank of India (Unique Identifiers in Financial Markets) Directions, 2026",https://rbidocs.rbi.org.in/rdocs/notification/PDFs/392MD270320266188FCF9FF0D4C51913E2DD577796EA4.PDF,yes
md_13360,Issuer of Currency,"Master Direction on Incentives for Currency Distribution and Exchange and Penalties / Penal Provisions for Bank Branches and Currency Chests for Deficiency in Rendering Customer Service and Reporting of Transactions / Balances ( Updated as on May 27, 2026 )",https://rbidocs.rbi.org.in/rdocs/notification/PDFs/393MD748717FE591F47CA86031C181677D39B.PDF,yes
md_13361,Issuer of Currency,"Master Direction on Counterfeit Notes – Detection, Reporting and Monitoring",https://rbidocs.rbi.org.in/rdocs/notification/PDFs/MD39472AB49ECE87F40868FBB8F0714E1627F.PDF,yes
md_13362,Issuer of Currency,Master Direction – Facility for Exchange of Notes and Coins,https://rbidocs.rbi.org.in/rdocs/notification/PDFs/395MDDCEE303B29F7409B867FAAEC10242C4A.PDF,yes
md_13374,Payment and Settlement System,"Digital Payments – E-mandate Framework, 2026",https://rbidocs.rbi.org.in/rdocs/notification/PDFs/396MDD002E435ECA145509929FC3ACBCFD0E9.PDF,yes
md_13376,Financial Market,"Master Direction - Reserve Bank of India (Access Criteria for NDS-OM) Directions, 2025 ( Updated as on April 27, 2026 )",https://rbidocs.rbi.org.in/rdocs/notification/PDFs/MD12777A587A04E134163B2F6F574B44F9F1C.PDF,yes
md_13399,Commercial Banks,"Reserve Bank of India (Commercial Banks - Capital Charge for Credit Risk – Standardised Approach) Directions, 2026 (Effective from April 1, 2027)",https://rbidocs.rbi.org.in/rdocs/notification/PDFs/397MD7DCC951F9F014A738C60E0FBC1A73D70.PDF,no
md_13400,Commercial Banks,"Reserve Bank of India (Commercial Banks - Asset Classification, Provisioning and Income Recognition) Directions, 2026",https://rbidocs.rbi.org.in/rdocs/notification/PDFs/MD39857992A3DBE7946619F0F76DF81E472CF.PDF,no
md_13442,Banker to Governments and Banks,"Reserve Bank of India [Disbursement of Government Pension by Agency Banks (ABs)] Directions, 2026 (Updated as on June 24, 2026)",https://rbidocs.rbi.org.in/rdocs/notification/PDFs/399MDAD236E83FDD240EEB29F1F5E2DBAD333.PDF,no
md_13443,Banker to Governments and Banks,"Reserve Bank of India [Conduct of Government Business by Agency Banks (ABs) – Payment of Agency Commission and Oversight of ABs] Directions, 2026",https://rbidocs.rbi.org.in/rdocs/notification/PDFs/400MDEF6FB735DC5A48308F688DCB9BA11A65.PDF,no
md_13502,Payment and Settlement System,Master Directions on Authorisation to operate a Payment System,https://rbidocs.rbi.org.in/rdocs/notification/PDFs/401MDDAB7489361B4431DB9A075997E990529.PDF,yes
md_13522,Financial Inclusion and Development,"Reserve Bank of India [Commercial Banks - Kisan Credit Card (KCC) Scheme] Directions, 2026",https://rbidocs.rbi.org.in/rdocs/notification/PDFs/402MD09973277BFE449CC8E21A0C9634191F2.PDF,yes
md_13523,Financial Inclusion and Development,"Reserve Bank of India [Small Finance Banks - Kisan Credit Card (KCC) Scheme] Directions, 2026",https://rbidocs.rbi.org.in/rdocs/notification/PDFs/403MDB87EB105BA0A40E18A89C5231E301639.PDF,yes
md_13524,Financial Inclusion and Development,"Reserve Bank of India [Regional Rural Banks - Kisan Credit Card (KCC) Scheme] Directions, 2026",https://rbidocs.rbi.org.in/rdocs/notification/PDFs/404MDE8BE807BACAC4DA09EA3561C820C7A13.PDF,yes
md_13525,Financial Inclusion and Development,"Reserve Bank of India [Rural Co-operative Banks - Kisan Credit Card (KCC) Scheme] Directions, 2026",https://rbidocs.rbi.org.in/rdocs/notification/PDFs/405MDD58E90A39C3D479CB0CF706F173BF58F.PDF,yes
md_13526,Payment and Settlement System,"Reserve Bank of India (Trade Receivables Discounting System) Directions, 2026",https://rbidocs.rbi.org.in/rdocs/notification/PDFs/406MD184DBA53FAE148368AD6D3ACF0DB824E.PDF,yes
md_13552,Financial Market,"Master Direction – Reserve Bank of India (Credit Derivatives) Directions, 2026",https://rbidocs.rbi.org.in/rdocs/notification/PDFs/407MD23637C77AC6742318BC8906ED8B98BEC.PDF,yes
md_13582,Credit Information Companies,"Reserve Bank of India (Credit Information Companies - Miscellaneous) Supervisory Directions, 2026",https://rbidocs.rbi.org.in/rdocs/notification/PDFs/471MD76C394F39ABC4C0998D865E923481A06.PDF,yes
md_13583,Credit Information Companies,"Reserve Bank of India (Credit Information Companies – Cybersecurity, Technology: Risk, Resilience and Assurance Framework) Directions, 2026",https://rbidocs.rbi.org.in/rdocs/notification/PDFs/470MD9D03D4E25E864955B59B7A17DA164DB9.PDF,yes
md_13584,Asset Reconstruction Companies,"Reserve Bank of India (Asset Reconstruction Companies - Supervisory Returns) Directions, 2026",https://rbidocs.rbi.org.in/rdocs/notification/PDFs/469MDD14C26A537384DFA85C27DFF81A91765.PDF,yes
md_13585,Non-Banking Financial Companies,"Reserve Bank of India (Non-Banking Financial Companies - Auditor’s Report) Directions, 2026",https://rbidocs.rbi.org.in/rdocs/notification/PDFs/468MDF194492AB28E4600BEA9DFBF8D32CC13.PDF,yes
md_13586,Non-Banking Financial Companies,"Reserve Bank of India (Non-Banking Financial Companies – Miscellaneous) Supervisory Directions, 2026",https://rbidocs.rbi.org.in/rdocs/notification/PDFs/467MD9CF8CD4ED6364DEEAB5E2638BC39ABA8.PDF,yes
md_13587,Non-Banking Financial Companies,"Reserve Bank of India (Non-Banking Financial Companies - Supervisory Returns) Directions, 2026",https://rbidocs.rbi.org.in/rdocs/notification/PDFs/466MD8895831DD9DF4F4ABD6342045EB4509C.PDF,yes
md_13588,Non-Banking Financial Companies,"Reserve Bank of India (Non-Banking Financial Companies - Statutory Audit) Directions, 2026",https://rbidocs.rbi.org.in/rdocs/notification/PDFs/465MD03A0FCE0832642DDAAE82DB2FBC920C8.PDF,yes
md_13589,Non-Banking Financial Companies,"Reserve Bank of India (Non-Banking Financial Companies - Internal Audit Function) Directions, 2026",https://rbidocs.rbi.org.in/rdocs/notification/PDFs/464MD4F5E2EE83BB848DFB6B3475F8B91F45B.PDF,yes
md_13590,Non-Banking Financial Companies,"Reserve Bank of India (Non-Banking Financial Companies – Fraud Risk Management) Directions, 2026",https://rbidocs.rbi.org.in/rdocs/notification/PDFs/463MDC5167A28A3B24A2B856804E201261635.PDF,yes
md_13591,Non-Banking Financial Companies,"Reserve Bank of India (Non-Banking Financial Companies – Digital Payment Security Controls) Directions, 2026",https://rbidocs.rbi.org.in/rdocs/notification/PDFs/462MD7323FF342D124FAF9BC3B3F7E4F837A5.PDF,yes
md_13592,Non-Banking Financial Companies,"Reserve Bank of India (Non-Banking Financial Companies – Cybersecurity, Technology: Risk, Resilience and Assurance Framework) Directions, 2026",https://rbidocs.rbi.org.in/rdocs/notification/PDFs/461MD9FAF2CD7550844EE9A70C884DBE4A8A6.PDF,yes
md_13593,Non-Banking Financial Companies,"Reserve Bank of India (Non-Banking Financial Companies - Compliance Function) Directions, 2026",https://rbidocs.rbi.org.in/rdocs/notification/PDFs/460MD930686EC27D04B4AA9DF4A3481CDD465.PDF,yes
md_13594,All India Financial Institutions,"Reserve Bank of India (All India Financial Institutions - Miscellaneous) Supervisory Directions, 2026",https://rbidocs.rbi.org.in/rdocs/notification/PDFs/459MD246DBC64D787490CA734181844D21432.PDF,yes
md_13595,All India Financial Institutions,"Reserve Bank of India (All India Financial Institutions - Supervisory Returns) Directions, 2026",https://rbidocs.rbi.org.in/rdocs/notification/PDFs/458MD364EFCA1964B4A9D88DBC6F0D774C920.PDF,yes
md_13596,All India Financial Institutions,"Reserve Bank of India (All India Financial Institutions – Fraud Risk Management) Directions, 2026",https://rbidocs.rbi.org.in/rdocs/notification/PDFs/457MDAC203EBBDF604A81958E02BB2C4BB1B1.PDF,yes
md_13597,All India Financial Institutions,"Reserve Bank of India (All India Financial Institutions – Cybersecurity, Technology: Risk, Resilience and Assurance Framework) Directions, 2026",https://rbidocs.rbi.org.in/rdocs/notification/PDFs/456MDC4C94C45185348009970C11F344F27C4.PDF,yes
md_13598,Regional Rural Banks,"Reserve Bank of India (Regional Rural Banks - Miscellaneous) Supervisory Directions, 2026",https://rbidocs.rbi.org.in/rdocs/notification/PDFs/455MDC05EBF7DB224411BA9BCFB752F1AA5C3.PDF,yes
md_13599,Regional Rural Banks,"Reserve Bank of India (Regional Rural Banks – Fraud Risk Management) Directions, 2026",https://rbidocs.rbi.org.in/rdocs/notification/PDFs/454MD3627FA91C182430CB1E49367CA5A9896.PDF,yes
md_13600,Rural Co-operative Banks,"Reserve Bank of India (Rural Co-operative Banks - Miscellaneous) Supervisory Directions, 2026",https://rbidocs.rbi.org.in/rdocs/notification/PDFs/453MD62DE2F74F5754FF89FCE75096ADFA2AF.PDF,yes
md_13601,Rural Co-operative Banks,"Reserve Bank of India (Rural Co-operative Banks - Statutory Audit) Directions, 2026",https://rbidocs.rbi.org.in/rdocs/notification/PDFs/452MD687C391BD41D4A4BA803192EC00E5334.PDF,yes
md_13602,Rural Co-operative Banks,"Reserve Bank of India (Rural Co-operative Banks – Fraud Risk Management) Directions, 2026",https://rbidocs.rbi.org.in/rdocs/notification/PDFs/451MD722AF863DDEA43F29EA4828F2038670D.PDF,yes
md_13603,Local Area Banks,"Reserve Bank of India (Local Area Banks – Miscellaneous) Supervisory Directions, 2026",https://rbidocs.rbi.org.in/rdocs/notification/PDFs/450MD9EEAB01F633148768CC03DEEA746654E.PDF,yes
md_13604,Local Area Banks,"Reserve Bank of India (Local Area Banks - Supervisory Returns) Directions, 2026",https://rbidocs.rbi.org.in/rdocs/notification/PDFs/449MD116AEA06D1C141EDA717FDD5B72BB988.PDF,yes
md_13605,Local Area Banks,"Reserve Bank of India (Local Area Banks – Statutory Audit) Directions, 2026",https://rbidocs.rbi.org.in/rdocs/notification/PDFs/448MDEB239D081FB94715A7DA64D5F34CC51D.PDF,yes
md_13606,Local Area Banks,"Reserve Bank of India (Local Area Banks - Internal Audit Function) Directions, 2026",https://rbidocs.rbi.org.in/rdocs/notification/PDFs/447MDBF165A2602F944F79E739038F8807402.PDF,yes
md_13607,Local Area Banks,"Reserve Bank of India (Local Area Banks – Fraud Risk Management) Directions, 2026",https://rbidocs.rbi.org.in/rdocs/notification/PDFs/446MDF0DB1395806B4600842005FCA98583BE.PDF,yes
md_13608,Local Area Banks,"Reserve Bank of India (Local Area Banks – Concurrent Audit) Directions, 2026",https://rbidocs.rbi.org.in/rdocs/notification/PDFs/445MD0C4C20C6998646ABAC1E8634D932999D.PDF,yes
md_13609,Local Area Banks,"Reserve Bank of India (Local Area Banks - Compliance Function) Directions, 2026",https://rbidocs.rbi.org.in/rdocs/notification/PDFs/444MDF1F447E6FD10463DAEDCAA55AEBC11ED.PDF,yes
md_13610,Urban Co-operative Banks,"Reserve Bank of India (Urban Co-operative Banks - Miscellaneous) Supervisory Directions, 2026",https://rbidocs.rbi.org.in/rdocs/notification/PDFs/443MD40CA627030B44C78A2B73D3CE3BE4E98.PDF,yes
md_13611,Urban Co-operative Banks,"Reserve Bank of India (Urban Co-operative Banks - Supervisory Returns) Directions, 2026",https://rbidocs.rbi.org.in/rdocs/notification/PDFs/442MD0BA25C6023EF4C10A10B90D638D6B00D.PDF,yes
md_13612,Urban Co-operative Banks,"Reserve Bank of India (Urban Co-operative Banks - Statutory Audit) Directions, 2026",https://rbidocs.rbi.org.in/rdocs/notification/PDFs/441MD53753CC8209F499E84242D70BF5AAB9F.PDF,yes
md_13613,Urban Co-operative Banks,"Reserve Bank of India (Urban Co-operative Banks - Internal Audit Function) Directions, 2026",https://rbidocs.rbi.org.in/rdocs/notification/PDFs/440MDAD4DA76A732549728DFC3DC643051CA0.PDF,yes
md_13614,Urban Co-operative Banks,"Reserve Bank of India (Urban Co-operative Banks – Fraud Risk Management) Directions, 2026",https://rbidocs.rbi.org.in/rdocs/notification/PDFs/439MD31E8DC47A27C4FE6B43005D22E4F6CB7.PDF,yes
md_13615,Urban Co-operative Banks,"Reserve Bank of India (Urban Co-operative Banks – Digital Payment Security Controls) Directions, 2026",https://rbidocs.rbi.org.in/rdocs/notification/PDFs/438MDD999C3E155F8479AA7075B10FAF82870.PDF,yes
md_13616,Urban Co-operative Banks,"Reserve Bank of India (Urban Co-operative Banks – Cybersecurity, Technology: Risk, Resilience and Assurance Framework) Directions, 2026",https://rbidocs.rbi.org.in/rdocs/notification/PDFs/437MDA9AD9C6F79B74CC8ABD98AAB32B1CD7D.PDF,yes
md_13617,Urban Co-operative Banks,"Reserve Bank of India (Urban Co-operative Banks – Concurrent Audit) Directions, 2026",https://rbidocs.rbi.org.in/rdocs/notification/PDFs/436MD1749C7AECBD84DA589A814082520A61A.PDF,yes
md_13618,Urban Co-operative Banks,"Reserve Bank of India (Urban Co-operative Banks - Compliance Function) Directions, 2026",https://rbidocs.rbi.org.in/rdocs/notification/PDFs/435MD3E78BD10EF6B4B0D8E7A686F5515990E.PDF,yes
md_13619,Payments Banks,"Reserve Bank of India (Payments Banks – Miscellaneous) Supervisory Directions, 2026",https://rbidocs.rbi.org.in/rdocs/notification/PDFs/434MDB0864F4A89F445818734DA5107794020.PDF,yes
md_13620,Payments Banks,"Reserve Bank of India (Payments Banks - Supervisory Returns) Directions, 2026",https://rbidocs.rbi.org.in/rdocs/notification/PDFs/433MD144CFE8D6C744FDABF82F09A06E54704.PDF,yes
md_13621,Payments Banks,"Reserve Bank of India (Payments Banks – Statutory Audit) Directions, 2026",https://rbidocs.rbi.org.in/rdocs/notification/PDFs/432MD02061AE612F1453BAD8A821EBECC8F58.PDF,yes
md_13622,Payments Banks,"Reserve Bank of India (Payments Banks - Internal Audit Function) Directions, 2026",https://rbidocs.rbi.org.in/rdocs/notification/PDFs/431MDACE5BE38F43D4579B03E9DF6F96DA7B7.PDF,yes
md_13623,Payments Banks,"Reserve Bank of India (Payments Banks – Fraud Risk Management) Directions, 2026",https://rbidocs.rbi.org.in/rdocs/notification/PDFs/430MD8AFE9055BACE46968BC6E8CB3112471B.PDF,yes
md_13624,Payments Banks,"Reserve Bank of India (Payments Banks – Digital Payment Security Controls) Directions, 2026",https://rbidocs.rbi.org.in/rdocs/notification/PDFs/429MD335484C7D27C4AC58720D636CA735A25.PDF,yes
md_13625,Payments Banks,"Reserve Bank of India (Payments Banks - Cybersecurity, Technology: Risk, Resilience and Assurance Framework) Directions, 2026",https://rbidocs.rbi.org.in/rdocs/notification/PDFs/428MD47757204F5E54CE99FB1E19E8C458655.PDF,yes
md_13626,Payments Banks,"Reserve Bank of India (Payments Banks – Concurrent Audit) Directions, 2026",https://rbidocs.rbi.org.in/rdocs/notification/PDFs/427MD7FCE1B261A9043DC9F6B526DAC24BCF3.PDF,yes
md_13627,Payments Banks,"Reserve Bank of India (Payments Banks - Compliance Function) Directions, 2026",https://rbidocs.rbi.org.in/rdocs/notification/PDFs/426MDAC33102EE3FA40DA842AAF54921D76DD.PDF,yes
md_13628,Small Finance Banks,"Reserve Bank of India (Small Finance Banks – Miscellaneous) Supervisory Directions, 2026",https://rbidocs.rbi.org.in/rdocs/notification/PDFs/425MD0436481B095C48CD89101DA2ACCD152E.PDF,yes
md_13629,Small Finance Banks,"Reserve Bank of India (Small Finance Banks - Supervisory Returns) Directions, 2026",https://rbidocs.rbi.org.in/rdocs/notification/PDFs/424MD2CF5C97A54FA4C2883108496BBEF2D80.PDF,yes
md_13630,Small Finance Banks,"Reserve Bank of India (Small Finance Banks – Statutory Audit) Directions, 2026",https://rbidocs.rbi.org.in/rdocs/notification/PDFs/423MD425FF643D83E4234949863E6681E0BC3.PDF,yes
md_13631,Small Finance Banks,"Reserve Bank of India (Small Finance Banks - Internal Audit Function) Directions, 2026",https://rbidocs.rbi.org.in/rdocs/notification/PDFs/422MD40D63D4AC3564816952B97A16E1AFABD.PDF,yes
md_13632,Small Finance Banks,"Reserve Bank of India (Small Finance Banks – Fraud Risk Management) Directions, 2026",https://rbidocs.rbi.org.in/rdocs/notification/PDFs/421MD045AAA3F34354D88B80AB52E2EFBBBA1.PDF,yes
md_13633,Small Finance Banks,"Reserve Bank of India (Small Finance Banks – Digital Payment Security Controls) Directions, 2026",https://rbidocs.rbi.org.in/rdocs/notification/PDFs/420MD29384D707EBB4C938067734D3B24D278.PDF,yes
md_13634,Small Finance Banks,"Reserve Bank of India (Small Finance Banks - Cybersecurity, Technology: Risk, Resilience and Assurance Framework) Directions, 2026",https://rbidocs.rbi.org.in/rdocs/notification/PDFs/419MD2FBDBDE1A8C948B79579A76A9BC83E21.PDF,yes
md_13635,Small Finance Banks,"Reserve Bank of India (Small Finance Banks – Concurrent Audit) Directions, 2026",https://rbidocs.rbi.org.in/rdocs/notification/PDFs/418MD59AF663B94CE4CA4AED6B0F320D63F27.PDF,yes
md_13636,Small Finance Banks,"Reserve Bank of India (Small Finance Banks - Compliance Function) Directions, 2026",https://rbidocs.rbi.org.in/rdocs/notification/PDFs/417MDBF2FB62647A34F518725C7419A522A1A.PDF,yes
md_13637,Commercial Banks,"Reserve Bank of India (Commercial Banks – Miscellaneous) Supervisory Directions, 2026",https://rbidocs.rbi.org.in/rdocs/notification/PDFs/416MD53D6A6765E6649B6AAABB58C0E4C7EFB.PDF,yes
md_13638,Commercial Banks,"Reserve Bank of India (Commercial Banks – Supervisory Returns) Directions, 2026",https://rbidocs.rbi.org.in/rdocs/notification/PDFs/415MD17AD8787C68848D58600F61E35468861.PDF,yes
md_13639,Commercial Banks,"Reserve Bank of India (Commercial Banks – Statutory Audit) Directions, 2026",https://rbidocs.rbi.org.in/rdocs/notification/PDFs/414MDEB929BD427B7443C98B182F2A13E1396.PDF,yes
md_13640,Commercial Banks,"Reserve Bank of India (Commercial Banks - Internal Audit Function) Directions, 2026",https://rbidocs.rbi.org.in/rdocs/notification/PDFs/413MD4F9FF319B5954ED1998D65025BDCBFDA.PDF,yes
md_13641,Commercial Banks,"Reserve Bank of India (Commercial Banks – Fraud Risk Management) Directions, 2026",https://rbidocs.rbi.org.in/rdocs/notification/PDFs/412MD5B6CA712E156413BACDEA9DD5CF5D1EF.PDF,yes
md_13642,Commercial Banks,"Reserve Bank of India (Commercial Banks – Digital Payment Security Controls) Directions, 2026",https://rbidocs.rbi.org.in/rdocs/notification/PDFs/411MD1918998D1AD74F159D57664FB10E053F.PDF,yes
md_13643,Commercial Banks,"Reserve Bank of India (Commercial Banks – Cybersecurity, Technology: Risk, Resilience and Assurance Framework) Directions, 2026",https://rbidocs.rbi.org.in/rdocs/notification/PDFs/410MD1C1DD4C43C9C49ED9033D64902636D9C.PDF,yes
md_13644,Commercial Banks,"Reserve Bank of India (Commercial Banks – Concurrent Audit) Directions, 2026",https://rbidocs.rbi.org.in/rdocs/notification/PDFs/409MD13EB09368FC543A2BEDF3B9E8F2C9A6A.PDF,yes
md_13645,Commercial Banks,"Reserve Bank of India (Commercial Banks - Compliance Function) Directions, 2026",https://rbidocs.rbi.org.in/rdocs/notification/PDFs/408MD83CAFF1305FB4180A6C3B4E68C88ED09.PDF,yes
