document_id,source_url,url_basename,entity_class_raw,title
md_10476,https://rbidocs.rbi.org.in/rdocs/notification/PDFs/29MD8B47C911ECA14450AACBAEF6D7981EF8.PDF,29MD8B47C911ECA14450AACBAEF6D7981EF8.PDF,Banker and Debt Manager to Government,"Master Direction – Operational Guidelines for Primary Dealers  (Updated as on November 22, 2018)"
md_11322,https://rbidocs.rbi.org.in/rdocs/notification/PDFs/61MD0825F724310142CBB351B33F9C3F80FA.PDF,61MD0825F724310142CBB351B33F9C3F80FA.PDF,Banker and Debt Manager to Government,Master Directions on Relief/Savings Bonds
md_12586,https://rbidocs.rbi.org.in/rdocs/notification/PDFs/108MDINTERNALOMBUDSMANCC05402F77BE4F229B59877F341386A4.PDF,108MDINTERNALOMBUDSMANCC05402F77BE4F229B59877F341386A4.PDF,Consumer Education and Protection,"Master Direction - Reserve Bank of India (Internal Ombudsman for Regulated Entities) Directions, 2023"
md_13087,https://rbidocs.rbi.org.in/rdocs/notification/PDFs/221MD.PDF,221MD.PDF,Payments Banks,"Reserve Bank of India (Payments Banks – Miscellaneous) Directions, 2025 (Updated as on April 01, 2026)"
md_13088,https://rbidocs.rbi.org.in/rdocs/notification/PDFs/220MD.PDF,220MD.PDF,Payments Banks,"Reserve Bank of India (Payments Banks – Managing Risks in Outsourcing) Directions, 2025"
md_13089,https://rbidocs.rbi.org.in/rdocs/notification/PDFs/219MD.PDF,219MD.PDF,Payments Banks,"Reserve Bank of India (Payments Banks – Responsible Business Conduct) Directions, 2025 (Updated as on April 1, 2026)"
md_13105,https://rbidocs.rbi.org.in/rdocs/notification/PDFs/204MD.PDF,204MD.PDF,Small Finance Banks,"Reserve Bank of India (Small Finance Banks – Miscellaneous) Directions, 2025"
md_13106,https://rbidocs.rbi.org.in/rdocs/notification/PDFs/203MD.PDF,203MD.PDF,Small Finance Banks,"Reserve Bank of India (Small Finance Banks – Climate Finance and Management of Climate Change Risks) Directions, 2025"
md_13107,https://rbidocs.rbi.org.in/rdocs/notification/PDFs/202MD.PDF,202MD.PDF,Small Finance Banks,"Reserve Bank of India (Small Finance Banks – Managing Risks in Outsourcing) Directions, 2025"
md_13108,https://rbidocs.rbi.org.in/rdocs/notification/PDFs/201MD.PDF,201MD.PDF,Small Finance Banks,"Reserve Bank of India (Small Finance Banks – Responsible Business Conduct) Directions, 2025 (Updated as on July 1, 2026)"
md_13109,https://rbidocs.rbi.org.in/rdocs/notification/PDFs/200MD.PDF,200MD.PDF,Small Finance Banks,"Reserve Bank of India (Small Finance Banks – Know Your Customer) Directions, 2025 (Updated as on December 29, 2025)"
md_13111,https://rbidocs.rbi.org.in/rdocs/notification/PDFs/198MD.PDF,198MD.PDF,Small Finance Banks,"Reserve Bank of India (Small Finance Banks - Financial Statements: Presentation and Disclosures) Directions, 2025 (Updated as on July 01, 2026)"
md_13112,https://rbidocs.rbi.org.in/rdocs/notification/PDFs/197MD.PDF,197MD.PDF,Small Finance Banks,"Reserve Bank of India (Small Finance Banks – Treatment of Wilful Defaulters and Large Defaulters) Directions, 2025"
md_13113,https://rbidocs.rbi.org.in/rdocs/notification/PDFs/196MD.PDF,196MD.PDF,Small Finance Banks,"Reserve Bank of India (Small Finance Banks – Resolution of Stressed Assets) Directions, 2025 (Updated as on July 01, 2026)"
md_13114,https://rbidocs.rbi.org.in/rdocs/notification/PDFs/195MD.PDF,195MD.PDF,Small Finance Banks,"Reserve Bank of India (Small Finance Banks – Income Recognition, Asset Classification and Provisioning) Directions, 2025 (Updated as on July 01, 2026)"
md_13115,https://rbidocs.rbi.org.in/rdocs/notification/PDFs/194MD.PDF,194MD.PDF,Small Finance Banks,"Reserve Bank of India (Small Finance Banks – Asset Liability Management) Directions, 2025"
md_13116,https://rbidocs.rbi.org.in/rdocs/notification/PDFs/193MD.PDF,193MD.PDF,Small Finance Banks,"Reserve Bank of India (Small Finance Banks – Classification, Valuation and Operation of Investment Portfolio) Directions, 2025 (Updated as on May 18, 2026)"
md_13117,https://rbidocs.rbi.org.in/rdocs/notification/PDFs/192MD.PDF,192MD.PDF,Small Finance Banks,"Reserve Bank of India (Small Finance Banks – Interest Rates on Advances) Directions, 2025"
md_13118,https://rbidocs.rbi.org.in/rdocs/notification/PDFs/191MD.PDF,191MD.PDF,Small Finance Banks,"Reserve Bank of India (Small Finance Banks – Securitisation Transactions) Directions, 2025"
md_13119,https://rbidocs.rbi.org.in/rdocs/notification/PDFs/190MD.PDF,190MD.PDF,Small Finance Banks,"Reserve Bank of India (Small Finance Banks – Transfer and Distribution of Credit Risk) Directions, 2025"
md_13120,https://rbidocs.rbi.org.in/rdocs/notification/PDFs/189MD.PDF,189MD.PDF,Small Finance Banks,"Reserve Bank of India (Small Finance Banks – Concentration Risk Management) Directions, 2025 (Updated as on July 01, 2026)"
md_13121,https://rbidocs.rbi.org.in/rdocs/notification/PDFs/188MD.PDF,188MD.PDF,Small Finance Banks,"Reserve Bank of India (Small Finance Banks – Credit Risk Management) Directions, 2025 (Updated as on July 01, 2026)"
md_13122,https://rbidocs.rbi.org.in/rdocs/notification/PDFs/187MD.PDF,187MD.PDF,Small Finance Banks,"Reserve Bank of India (Small Finance Banks – Credit Information Reporting) Directions, 2025 (Updated as on July 01, 2026)"
md_13123,https://rbidocs.rbi.org.in/rdocs/notification/PDFs/186MD.PDF,186MD.PDF,Small Finance Banks,"Reserve Bank of India (Small Finance Banks – Credit Cards and Debit Cards: Issuance and Conduct) Directions, 2025"
md_13124,https://rbidocs.rbi.org.in/rdocs/notification/PDFs/185MD.PDF,185MD.PDF,Small Finance Banks,"Reserve Bank of India (Small Finance Banks – Credit Facilities) Directions, 2025 (Updated as on July 15, 2026)"
md_13125,https://rbidocs.rbi.org.in/rdocs/notification/PDFs/184MD.PDF,184MD.PDF,Small Finance Banks,"Reserve Bank of India (Small Finance Banks – Interest Rate on Deposits) Directions, 2025 (Updated as on June 17, 2026)"
md_13126,https://rbidocs.rbi.org.in/rdocs/notification/PDFs/183MD.PDF,183MD.PDF,Small Finance Banks,"Reserve Bank of India (Small Finance Banks - Resource Raising Norms) Directions, 2025"
md_13127,https://rbidocs.rbi.org.in/rdocs/notification/PDFs/182MD.PDF,182MD.PDF,Small Finance Banks,"Reserve Bank of India (Small Finance Banks – Prudential Norms on Capital Adequacy) Directions, 2025 (Updated as on July 01, 2026)"
md_13128,https://rbidocs.rbi.org.in/rdocs/notification/PDFs/181MD.PDF,181MD.PDF,Small Finance Banks,"Reserve Bank of India (Small Finance Banks – Cash Reserve Ratio and Statutory Liquidity Ratio) Directions, 2025 (Updated as on June 19, 2026)"
md_13129,https://rbidocs.rbi.org.in/rdocs/notification/PDFs/180MD.PDF,180MD.PDF,Small Finance Banks,"Reserve Bank of India (Small Finance Banks – Governance) Directions, 2025"
md_13130,https://rbidocs.rbi.org.in/rdocs/notification/PDFs/179MD.PDF,179MD.PDF,Small Finance Banks,"Reserve Bank of India (Small Finance Banks – Undertaking of Financial Services) Directions, 2025 (Updated as on April 27, 2026)"
md_13131,https://rbidocs.rbi.org.in/rdocs/notification/PDFs/381MD.PDF,381MD.PDF,Small Finance Banks,"Reserve Bank of India (Small Finance Banks – Digital Banking Channels Authorisation) Directions, 2025"
md_13132,https://rbidocs.rbi.org.in/rdocs/notification/PDFs/178MD.PDF,178MD.PDF,Small Finance Banks,"Reserve Bank of India (Small Finance Banks – Branch Authorisation) Directions, 2025"
md_13133,https://rbidocs.rbi.org.in/rdocs/notification/PDFs/177MD.PDF,177MD.PDF,Small Finance Banks,"Reserve Bank of India (Small Finance Banks - Voluntary Amalgamation) Directions, 2025"
md_13134,https://rbidocs.rbi.org.in/rdocs/notification/PDFs/176MD.PDF,176MD.PDF,Small Finance Banks,"Reserve Bank of India (Small Finance Banks – Acquisition and Holding of Shares or Voting Rights) Directions, 2025"
md_13135,https://rbidocs.rbi.org.in/rdocs/notification/PDFs/175MD.PDF,175MD.PDF,Small Finance Banks,"Reserve Bank of India (Small Finance Banks – Licensing) Guidelines, 2025"
md_13136,https://rbidocs.rbi.org.in/rdocs/notification/PDFs/174MD.PDF,174MD.PDF,Commercial Banks,"Reserve Bank of India (Commercial Banks – Miscellaneous) Directions, 2025"
md_13137,https://rbidocs.rbi.org.in/rdocs/notification/PDFs/173MD.PDF,173MD.PDF,Commercial Banks,"Reserve Bank of India (Commercial Banks – Forthcoming Instructions) Directions, 2025"
md_13138,https://rbidocs.rbi.org.in/rdocs/notification/PDFs/172MD.PDF,172MD.PDF,Commercial Banks,"Reserve Bank of India (Commercial Banks - Climate Finance and Management of Climate Change Risks) Directions, 2025"
md_13139,https://rbidocs.rbi.org.in/rdocs/notification/PDFs/171MD.PDF,171MD.PDF,Commercial Banks,"Reserve Bank of India (Commercial Banks – Managing Risks in Outsourcing) Directions, 2025"
md_13140,https://rbidocs.rbi.org.in/rdocs/notification/PDFs/170MD.PDF,170MD.PDF,Commercial Banks,"Reserve Bank of India (Commercial Banks – Responsible Business Conduct) Directions, 2025 (Updated as on July 1, 2026)"
md_13141,https://rbidocs.rbi.org.in/rdocs/notification/PDFs/169MD.PDF,169MD.PDF,Commercial Banks,"Reserve Bank of India (Commercial Banks – Know Your Customer) Directions, 2025 (Updated as on December 29, 2025)"
md_13143,https://rbidocs.rbi.org.in/rdocs/notification/PDFs/167MD.PDF,167MD.PDF,Commercial Banks,"Reserve Bank of India (Commercial Banks - Financial Statements: Presentation and Disclosures) Directions, 2025 (Updated as on July 01, 2026)"
md_13144,https://rbidocs.rbi.org.in/rdocs/notification/PDFs/166MD.PDF,166MD.PDF,Commercial Banks,"Reserve Bank of India (Commercial Banks – Treatment of Wilful Defaulters and Large Defaulters) Directions, 2025"
md_13145,https://rbidocs.rbi.org.in/rdocs/notification/PDFs/165MD.PDF,165MD.PDF,Commercial Banks,"Reserve Bank of India (Commercial Banks – Resolution of Stressed Assets) Directions, 2025 (updated as on July 01, 2026)"
md_13146,https://rbidocs.rbi.org.in/rdocs/notification/PDFs/164MD.PDF,164MD.PDF,Commercial Banks,"Reserve Bank of India (Commercial Banks – Income Recognition, Asset Classification and Provisioning) Directions, 2025 (updated as on July 01, 2026)"
md_13147,https://rbidocs.rbi.org.in/rdocs/notification/PDFs/163MD.PDF,163MD.PDF,Commercial Banks,"Reserve Bank of India (Commercial Banks – Asset Liability Management) Directions, 2025"
md_13148,https://rbidocs.rbi.org.in/rdocs/notification/PDFs/162MD.PDF,162MD.PDF,Commercial Banks,"Reserve Bank of India (Commercial Banks – Classification, Valuation and Operation of Investment Portfolio) Directions, 2025 (Updated as on May 18, 2026)"
md_13149,https://rbidocs.rbi.org.in/rdocs/notification/PDFs/161MD.PDF,161MD.PDF,Commercial Banks,"Reserve Bank of India (Commercial Banks – Interest Rates on Advances) Directions, 2025"
md_13150,https://rbidocs.rbi.org.in/rdocs/notification/PDFs/160MD.PDF,160MD.PDF,Commercial Banks,"Reserve Bank of India (Commercial Banks – Securitisation Transactions) Directions, 2025"
md_13151,https://rbidocs.rbi.org.in/rdocs/notification/PDFs/159MD.PDF,159MD.PDF,Commercial Banks,"Reserve Bank of India (Commercial Banks - Transfer and Distribution of Credit Risk) Directions, 2025"
md_13152,https://rbidocs.rbi.org.in/rdocs/notification/PDFs/158MD.PDF,158MD.PDF,Commercial Banks,"Reserve Bank of India (Commercial Banks – Concentration Risk Management) Directions, 2025 (Updated as on July 01, 2026)"
md_13153,https://rbidocs.rbi.org.in/rdocs/notification/PDFs/157MD.PDF,157MD.PDF,Commercial Banks,"Reserve Bank of India (Commercial Banks – Credit Risk Management) Directions, 2025 (Updated as on July 01, 2026)"
md_13154,https://rbidocs.rbi.org.in/rdocs/notification/PDFs/156MD.PDF,156MD.PDF,Commercial Banks,"Reserve Bank of India (Commercial Banks – Credit Information Reporting) Directions, 2025 (Updated as on July 01, 2026)"
md_13155,https://rbidocs.rbi.org.in/rdocs/notification/PDFs/155MD.PDF,155MD.PDF,Commercial Banks,"Reserve Bank of India (Commercial Banks – Credit Cards and Debit Cards: Issuance and Conduct) Directions, 2025"
md_13156,https://rbidocs.rbi.org.in/rdocs/notification/PDFs/154MD.PDF,154MD.PDF,Commercial Banks,"Reserve Bank of India (Commercial Banks – Credit Facilities) Directions, 2025 (Updated as on July 15, 2026)"
md_13157,https://rbidocs.rbi.org.in/rdocs/notification/PDFs/153MD.PDF,153MD.PDF,Commercial Banks,"Reserve Bank of India (Commercial Banks – Interest Rate on Deposits) Directions, 2025 (Updated as on June 17, 2026)"
md_13158,https://rbidocs.rbi.org.in/rdocs/notification/PDFs/152MD.PDF,152MD.PDF,Commercial Banks,"Reserve Bank of India (Commercial Banks – Resource Raising Norms) Directions, 2025"
md_13159,https://rbidocs.rbi.org.in/rdocs/notification/PDFs/151MD.PDF,151MD.PDF,Commercial Banks,"Reserve Bank of India (Commercial Banks - Prudential Norms on Capital Adequacy) Directions, 2025 (Updated as on July 01, 2026)"
md_13160,https://rbidocs.rbi.org.in/rdocs/notification/PDFs/150MD.PDF,150MD.PDF,Commercial Banks,"Reserve Bank of India (Commercial Banks – Cash Reserve Ratio and Statutory Liquidity Ratio) Directions, 2025 (Updated as on June 19, 2026)"
md_13161,https://rbidocs.rbi.org.in/rdocs/notification/PDFs/149MD.PDF,149MD.PDF,Commercial Banks,"Reserve Bank of India (Commercial Banks - Governance) Directions, 2025"
md_13162,https://rbidocs.rbi.org.in/rdocs/notification/PDFs/148MD.PDF,148MD.PDF,Commercial Banks,"Reserve Bank of India (Commercial Banks – Undertaking of Financial Services) Directions, 2025 (Updated as on July 01, 2026)"
md_13163,https://rbidocs.rbi.org.in/rdocs/notification/PDFs/380MD.PDF,380MD.PDF,Commercial Banks,"Reserve Bank of India (Commercial Banks – Digital Banking Channels Authorisation) Directions, 2025"
md_13164,https://rbidocs.rbi.org.in/rdocs/notification/PDFs/147MD.PDF,147MD.PDF,Commercial Banks,"Reserve Bank of India (Commercial Banks - Branch Authorisation) Directions, 2025"
md_13165,https://rbidocs.rbi.org.in/rdocs/notification/PDFs/146MD.PDF,146MD.PDF,Commercial Banks,"Reserve Bank of India (Commercial Banks – Voluntary Amalgamation) Directions, 2025"
md_13166,https://rbidocs.rbi.org.in/rdocs/notification/PDFs/145MD.PDF,145MD.PDF,Commercial Banks,"Reserve Bank of India (Commercial Banks – Acquisition and Holding of Shares or Voting Rights) Directions, 2025"
md_13167,https://rbidocs.rbi.org.in/rdocs/notification/PDFs/144MD.PDF,144MD.PDF,Commercial Banks,"Reserve Bank of India (Setting Up of Wholly Owned Subsidiaries by Foreign Banks) Guidelines, 2025 (Updated as on April 1, 2026)"
md_13168,https://rbidocs.rbi.org.in/rdocs/notification/PDFs/143MD.PDF,143MD.PDF,Commercial Banks,"Reserve Bank of India (Universal Banks – Licensing) Guidelines, 2025"
md_13271,https://rbidocs.rbi.org.in/rdocs/notification/PDFs/380MD14012026DAD56B73DC944F02AEA4530EC779AD7F.PDF,380MD14012026DAD56B73DC944F02AEA4530EC779AD7F.PDF,Consumer Education and Protection,"Reserve Bank of India (Commercial Banks - Internal Ombudsman) Directions, 2026"
md_13272,https://rbidocs.rbi.org.in/rdocs/notification/PDFs/381MD140120267212A1D4EF8349448E9416EF8F2D19B5.PDF,381MD140120267212A1D4EF8349448E9416EF8F2D19B5.PDF,Consumer Education and Protection,"Reserve Bank of India (Small Finance Banks - Internal Ombudsman) Directions, 2026"
md_13273,https://rbidocs.rbi.org.in/rdocs/notification/PDFs/NOT3821EAEF90E037B4061A91775A5525510C3.PDF,NOT3821EAEF90E037B4061A91775A5525510C3.PDF,Consumer Education and Protection,"Reserve Bank of India (Payments Banks - Internal Ombudsman) Directions, 2026"
md_13274,https://rbidocs.rbi.org.in/rdocs/notification/PDFs/383MD14012026559E41DD96224880B75EDB2B96E4BD8B.PDF,383MD14012026559E41DD96224880B75EDB2B96E4BD8B.PDF,Consumer Education and Protection,"Reserve Bank of India (Non-Banking Financial Companies - Internal Ombudsman) Directions, 2026"
md_13275,https://rbidocs.rbi.org.in/rdocs/notification/PDFs/384MD14012026E275757688DE4E68AF9813B3B9491E4B.PDF,384MD14012026E275757688DE4E68AF9813B3B9491E4B.PDF,Consumer Education and Protection,"Reserve Bank of India (Non-Bank Prepaid Payment Instruments Issuers - Internal Ombudsman) Directions, 2026"
md_13276,https://rbidocs.rbi.org.in/rdocs/notification/PDFs/NOT38578CF3B232A694DBEAB2A9CE71848DCA1.PDF,NOT38578CF3B232A694DBEAB2A9CE71848DCA1.PDF,Consumer Education and Protection,"Reserve Bank of India (Credit Information Companies - Internal Ombudsman) Directions, 2026"
md_13319,https://rbidocs.rbi.org.in/rdocs/notification/PDFs/387MD1003202698CBFA3D29254532B33C97C231B6F7D8.PDF,387MD1003202698CBFA3D29254532B33C97C231B6F7D8.PDF,Commercial Banks,"Reserve Bank of India (Commercial Banks – Prudential Norms on Declaration of Dividend and Remittances of Profits) Directions, 2026"
md_13321,https://rbidocs.rbi.org.in/rdocs/notification/PDFs/388MD10032026C9C28BA2FD904454A24EE40607D82CC7.PDF,388MD10032026C9C28BA2FD904454A24EE40607D82CC7.PDF,Payments Banks,"Reserve Bank of India (Payments Banks – Prudential Norms on Declaration of Dividend) Directions, 2026"
md_13328,https://rbidocs.rbi.org.in/rdocs/notification/PDFs/391MD10032026DEA2C866625C478D9F4CC695FCA60B68.PDF,391MD10032026DEA2C866625C478D9F4CC695FCA60B68.PDF,Small Finance Banks,"Reserve Bank of India (Small Finance Banks – Prudential Norms on Declaration of Dividend) Directions, 2026"
md_13399,https://rbidocs.rbi.org.in/rdocs/notification/PDFs/397MD7DCC951F9F014A738C60E0FBC1A73D70.PDF,397MD7DCC951F9F014A738C60E0FBC1A73D70.PDF,Commercial Banks,"Reserve Bank of India (Commercial Banks - Capital Charge for Credit Risk – Standardised Approach) Directions, 2026 (Effective from April 1, 2027)"
md_13400,https://rbidocs.rbi.org.in/rdocs/notification/PDFs/MD39857992A3DBE7946619F0F76DF81E472CF.PDF,MD39857992A3DBE7946619F0F76DF81E472CF.PDF,Commercial Banks,"Reserve Bank of India (Commercial Banks - Asset Classification, Provisioning and Income Recognition) Directions, 2026"
md_13442,https://rbidocs.rbi.org.in/rdocs/notification/PDFs/399MDAD236E83FDD240EEB29F1F5E2DBAD333.PDF,399MDAD236E83FDD240EEB29F1F5E2DBAD333.PDF,Banker to Governments and Banks,"Reserve Bank of India [Disbursement of Government Pension by Agency Banks (ABs)] Directions, 2026 (Updated as on June 24, 2026)"
md_13443,https://rbidocs.rbi.org.in/rdocs/notification/PDFs/400MDEF6FB735DC5A48308F688DCB9BA11A65.PDF,400MDEF6FB735DC5A48308F688DCB9BA11A65.PDF,Banker to Governments and Banks,"Reserve Bank of India [Conduct of Government Business by Agency Banks (ABs) – Payment of Agency Commission and Oversight of ABs] Directions, 2026"
